-- MySQL dump 10.13  Distrib 8.0.38, for Win64 (x86_64)
--
-- Host: localhost    Database: workmatedb
-- ------------------------------------------------------
-- Server version	8.0.39

/*!40101 SET @OLD_CHARACTER_SET_CLIENT=@@CHARACTER_SET_CLIENT */;
/*!40101 SET @OLD_CHARACTER_SET_RESULTS=@@CHARACTER_SET_RESULTS */;
/*!40101 SET @OLD_COLLATION_CONNECTION=@@COLLATION_CONNECTION */;
/*!50503 SET NAMES utf8 */;
/*!40103 SET @OLD_TIME_ZONE=@@TIME_ZONE */;
/*!40103 SET TIME_ZONE='+00:00' */;
/*!40014 SET @OLD_UNIQUE_CHECKS=@@UNIQUE_CHECKS, UNIQUE_CHECKS=0 */;
/*!40014 SET @OLD_FOREIGN_KEY_CHECKS=@@FOREIGN_KEY_CHECKS, FOREIGN_KEY_CHECKS=0 */;
/*!40101 SET @OLD_SQL_MODE=@@SQL_MODE, SQL_MODE='NO_AUTO_VALUE_ON_ZERO' */;
/*!40111 SET @OLD_SQL_NOTES=@@SQL_NOTES, SQL_NOTES=0 */;

--
-- Table structure for table `__efmigrationshistory`
--

DROP TABLE IF EXISTS `__efmigrationshistory`;
/*!40101 SET @saved_cs_client     = @@character_set_client */;
/*!50503 SET character_set_client = utf8mb4 */;
CREATE TABLE `__efmigrationshistory` (
  `MigrationId` varchar(150) CHARACTER SET utf8mb4 COLLATE utf8mb4_0900_ai_ci NOT NULL,
  `ProductVersion` varchar(32) CHARACTER SET utf8mb4 COLLATE utf8mb4_0900_ai_ci NOT NULL,
  PRIMARY KEY (`MigrationId`)
) ENGINE=InnoDB DEFAULT CHARSET=utf8mb4 COLLATE=utf8mb4_0900_ai_ci;
/*!40101 SET character_set_client = @saved_cs_client */;

--
-- Dumping data for table `__efmigrationshistory`
--

LOCK TABLES `__efmigrationshistory` WRITE;
/*!40000 ALTER TABLE `__efmigrationshistory` DISABLE KEYS */;
INSERT INTO `__efmigrationshistory` VALUES ('20241028031132_IniCreate','8.0.5'),('20241123125711_AddForum','8.0.5'),('20241124094806_AddForum2','8.0.5'),('20241202143534_UpdateComment','8.0.5'),('20241202145101_UpdatePost','8.0.5'),('20241203141820_UpdatePost2','8.0.5'),('20241211162844_UpdateAsset','8.0.5'),('20241221033652_AddFaceId','8.0.5'),('20241221094910_UpdateFaceId','8.0.5'),('20241222145336_UpdateEmployee','8.0.5');
/*!40000 ALTER TABLE `__efmigrationshistory` ENABLE KEYS */;
UNLOCK TABLES;

--
-- Table structure for table `accounts`
--

DROP TABLE IF EXISTS `accounts`;
/*!40101 SET @saved_cs_client     = @@character_set_client */;
/*!50503 SET character_set_client = utf8mb4 */;
CREATE TABLE `accounts` (
  `Id` int NOT NULL AUTO_INCREMENT,
  `Email` longtext CHARACTER SET utf8mb4 COLLATE utf8mb4_0900_ai_ci NOT NULL,
  `Password` longtext CHARACTER SET utf8mb4 COLLATE utf8mb4_0900_ai_ci NOT NULL,
  `AvatarUrl` longtext CHARACTER SET utf8mb4 COLLATE utf8mb4_0900_ai_ci,
  `FaceUrl` longtext CHARACTER SET utf8mb4 COLLATE utf8mb4_0900_ai_ci,
  `CreatedAt` datetime(6) NOT NULL,
  `Status` int NOT NULL,
  `EmployeeId` int NOT NULL,
  `RoleId` int NOT NULL,
  `Face_id` longtext CHARACTER SET utf8mb4 COLLATE utf8mb4_0900_ai_ci,
  PRIMARY KEY (`Id`),
  KEY `IX_Accounts_EmployeeId` (`EmployeeId`),
  KEY `IX_Accounts_RoleId` (`RoleId`),
  CONSTRAINT `FK_Accounts_Employees_EmployeeId` FOREIGN KEY (`EmployeeId`) REFERENCES `employees` (`Id`) ON DELETE CASCADE,
  CONSTRAINT `FK_Accounts_Roles_RoleId` FOREIGN KEY (`RoleId`) REFERENCES `roles` (`Id`) ON DELETE CASCADE
) ENGINE=InnoDB AUTO_INCREMENT=35 DEFAULT CHARSET=utf8mb4 COLLATE=utf8mb4_0900_ai_ci;
/*!40101 SET character_set_client = @saved_cs_client */;

--
-- Dumping data for table `accounts`
--

LOCK TABLES `accounts` WRITE;
/*!40000 ALTER TABLE `accounts` DISABLE KEYS */;
INSERT INTO `accounts` VALUES (5,'admin@gmail.com','$2a$11$Xxv05bKXsPgCY9L62pPd7eo3008u.4zy34j4SHMgFt1yA/nlsRbu2','http://localhost:7295/images/5b3b74cb-cf81-46c4-8a00-c16f469c7289.jpg','string','2024-12-25 08:59:56.343561',1,31,1,NULL),(6,'hungnv@gmail.com','$2a$11$5S0bUTVGaHXRHT555vSEP.OF3bnuDIwaHELNecfA/rJwWqOT9aljK','http://localhost:7295/images/5b3b74cb-cf81-46c4-8a00-c16f469c7289.jpg','string','2024-12-25 09:05:30.929733',1,1,2,NULL),(7,'lantt@gmail.com','$2a$11$xgpCppD8rrCNnquoOgD3VOREk0cfcrHCMEIs4J9xbkNq5aarg7CLO','http://localhost:7295/images/9ad3afd9-6796-405f-8262-1418eba8d111.jpg','string','2024-12-25 09:05:49.711153',1,2,2,NULL),(8,'MinhLQ@gmail.com','$2a$11$.YjhvsC6jg2eehU0UvLGmeixZjMeK8p6ctii5yVFG1qO5rlLxbzim','http://localhost:7295/images/5b3b74cb-cf81-46c4-8a00-c16f469c7289.jpg','string','2024-12-25 09:06:10.154584',1,3,2,NULL),(9,'HanhPT@gmail.com','$2a$11$yXstzQ.uuWy4PIp8FfWEBuhVsK7YQWMTZm/0MkyR8BV47DKNV4K6S','http://localhost:7295/images/9ad3afd9-6796-405f-8262-1418eba8d111.jpg','string','2024-12-25 09:06:29.929272',1,4,2,NULL),(10,'DungHV@gmail.com','$2a$11$BnchxVYX2bgIX7PWDZ7G6.I9fqjR9JtqWsfKT2vDl/JPFQUtIuuhm','http://localhost:7295/images/5b3b74cb-cf81-46c4-8a00-c16f469c7289.jpg','string','2024-12-25 09:06:49.554715',1,5,2,NULL),(11,'TrangNT@gmail.com','$2a$11$XsaTQDq6igjKiFxH.WutOOgsLr0KPq6svRigEfeq1krnh.1FWqMYy','http://localhost:7295/images/9ad3afd9-6796-405f-8262-1418eba8d111.jpg','string','2024-12-25 09:07:09.153631',1,6,2,NULL),(12,'AnhTQ@gmail.com','$2a$11$ahvl6jfUcn/rH4vTeKiDq.OYa124lcyShVF8wlIx4EI8CU70v.A2y','http://localhost:7295/images/5b3b74cb-cf81-46c4-8a00-c16f469c7289.jpg','string','2024-12-25 09:07:32.245874',1,7,2,NULL),(13,'MaiLTQ@gmail.com','$2a$11$5.vZEjmI5i6JrWNMQGTVkuJa/YF3AA7UFTSdWwyhm3l8djnVfMs1O','http://localhost:7295/images/9ad3afd9-6796-405f-8262-1418eba8d111.jpg','string','2024-12-25 09:07:47.194362',1,8,2,NULL),(14,'BinhNV@gmail.com','$2a$11$pChxH8IphlOHItt6HQiyIO5DL47OS8Dw86vks/5oyxNJ4/tdVPfUu','http://localhost:7295/images/5b3b74cb-cf81-46c4-8a00-c16f469c7289.jpg','string','2024-12-25 09:08:16.347888',1,9,2,NULL),(15,'HuongDT@gmail.com','$2a$11$hZz4/yASZRU278NrgtpMYuS6wLKrqRkhfsEu42k.W8fRW.61Fwzs2','http://localhost:7295/images/9ad3afd9-6796-405f-8262-1418eba8d111.jpg','string','2024-12-25 09:08:45.881944',1,10,2,NULL),(16,'LongNT@gmail.com','$2a$11$1Rdln28GOMoDY2A9K7vZ4OWRGs/aD9iG5njIlE4SMIzF5lUUo78DK','http://localhost:7295/images/5b3b74cb-cf81-46c4-8a00-c16f469c7289.jpg','string','2024-12-25 09:09:11.077634',1,11,2,NULL),(17,'ThuPT@gmail.com','$2a$11$cn8iFA8PcALoUaJ.ZB/by.aUIAwjLl6wvt2XdTBWVlZYDYJg.csim','http://localhost:7295/images/9ad3afd9-6796-405f-8262-1418eba8d111.jpg','string','2024-12-25 09:09:29.286138',1,12,2,NULL),(18,'khaihv@gmail.com','$2a$11$39dN4qzIFivUdu24wZVzROVc12UsAE3xghLVW6fvO0ly4FHHLV3aO','http://localhost:7295/images/5b3b74cb-cf81-46c4-8a00-c16f469c7289.jpg','string','2024-12-25 09:10:48.178510',1,13,2,NULL),(19,'hant@gmail.com','$2a$11$zNzYJCnesVk14cwgxbEjhumKjp9d8zJ7IeLEuaaLrhNwmzAqMw/xm','http://localhost:7295/images/9ad3afd9-6796-405f-8262-1418eba8d111.jpg','string','2024-12-25 09:11:26.407330',1,14,2,NULL),(20,'namth@gmail.com','$2a$11$U0oYswlg.dYESjeph9bmcOzPIQJ9T1UZJEhQsdZMdfBW0McBS4T9S','http://localhost:7295/images/5b3b74cb-cf81-46c4-8a00-c16f469c7289.jpg','string','2024-12-25 09:11:52.057881',1,15,2,NULL),(21,'hieulm@gmail.com','$2a$11$fgG8o1BWfyKUWmokYI96A.SG7YbNeNBZ2eLhNBHfAXE7HyqW0nB4C','http://localhost:7295/images/5b3b74cb-cf81-46c4-8a00-c16f469c7289.jpg','string','2024-12-25 09:12:30.370129',1,16,2,NULL),(22,'ngoctt@gmail.com','$2a$11$pg/cS6Ru4/GJbm0guxAxrOjtrD.Zy2.D93drxMJTOMnF00NJrLoZi','http://localhost:7295/images/9ad3afd9-6796-405f-8262-1418eba8d111.jpg','string','2024-12-25 09:13:10.550909',1,18,2,NULL),(23,'baopq@gmail.com','$2a$11$hmjdfrNbVgv1q9qCEwjOe.EBXHT.EWScTFa5OH0TiH/4lnzWgJYUK','http://localhost:7295/images/5b3b74cb-cf81-46c4-8a00-c16f469c7289.jpg','string','2024-12-25 09:13:29.340847',1,19,2,NULL),(24,'thuynt@gmail.com','$2a$11$48Sg2YC.kH0Qvmqi81n7Yu/5pTU2L8PHvBW7Ck5VU87VCBdZLHyZa','http://localhost:7295/images/9ad3afd9-6796-405f-8262-1418eba8d111.jpg','string','2024-12-25 09:13:48.614982',1,20,2,NULL),(25,'duylv@gmail.com','$2a$11$0AArjb/TF4BR/i2qtkg40eFm42OgsLZl.Te5Nb5WXgQz5w2xPKLsC','http://localhost:7295/images/5b3b74cb-cf81-46c4-8a00-c16f469c7289.jpg','string','2024-12-25 09:14:03.215943',1,21,2,NULL),(26,'yenht@gmail.com','$2a$11$zQ.ktva.XN2o4rGUzLHLcePDt1zo/uEjO5XbRk6DHjcKKIBe.PLTa','http://localhost:7295/images/9ad3afd9-6796-405f-8262-1418eba8d111.jpg','string','2024-12-25 09:14:25.653763',1,22,2,NULL),(27,'thinhnv@gmail.com','$2a$11$I522/uMsC/n4iJERRb/xauOHTsdJbYSm5Ox9z5fCSmZot89XMomgy','http://localhost:7295/images/5b3b74cb-cf81-46c4-8a00-c16f469c7289.jpg','string','2024-12-25 09:14:45.312009',1,23,2,NULL),(28,'tunm@gmail.com','$2a$11$cbSIBmwGtED3rJrXHJ9tw.15At7.LZUBGRTtqZG/o0fem2l3hERLe','http://localhost:7295/images/5b3b74cb-cf81-46c4-8a00-c16f469c7289.jpg','string','2024-12-25 09:15:01.888443',1,24,2,NULL),(29,'hailn@gmail.com','$2a$11$.lCHWdnC7lEucRYf0STQuO6GbTUQ.VKlvBv1iirA0tW0SmYfIPHpa','http://localhost:7295/images/5b3b74cb-cf81-46c4-8a00-c16f469c7289.jpg','string','2024-12-25 09:15:16.509869',1,25,2,NULL),(30,'lannt@gmail.com','$2a$11$ypnOqB17zk9B/mX6RaRJ1u7E7ysqGTjOAk1ozSMv2QB4h2waaDoLS','http://localhost:7295/images/9ad3afd9-6796-405f-8262-1418eba8d111.jpg','string','2024-12-25 09:15:33.588548',1,26,2,NULL),(31,'binhtq@gmail.com','$2a$11$UFo7vTB3KdZjTtLFSZKTH.DahmQBCQ1bHclbShihp/7CXuBv3hJay','http://localhost:7295/images/5b3b74cb-cf81-46c4-8a00-c16f469c7289.jpg','string','2024-12-25 09:15:55.670373',1,27,2,NULL),(32,'anhph@gmail.com','$2a$11$4H8wcmOrT3SH/eowT.c2m..gg8/IJLisjNlQfAbaJq2FuCjapDMmm','http://localhost:7295/images/5b3b74cb-cf81-46c4-8a00-c16f469c7289.jpg','string','2024-12-25 09:16:11.567177',1,28,2,NULL),(33,'tainv@gmail.com','$2a$11$iADryhGgHriPsBsZ6IHr4ur637WmQangabllc8rU.ZKE.ixWx1ysK','http://localhost:7295/images/5b3b74cb-cf81-46c4-8a00-c16f469c7289.jpg','string','2024-12-25 09:16:48.713369',1,29,2,NULL),(34,'xuanlt@gmail.com','$2a$11$vQWu1NPt1hzHQh217Ie8cuoKPVgwYaQZNH.BawzZoIi/0///1ze3K','http://localhost:7295/images/9ad3afd9-6796-405f-8262-1418eba8d111.jpg','string','2024-12-25 09:17:03.116945',1,30,2,NULL);
/*!40000 ALTER TABLE `accounts` ENABLE KEYS */;
UNLOCK TABLES;

--
-- Table structure for table `assets`
--

DROP TABLE IF EXISTS `assets`;
/*!40101 SET @saved_cs_client     = @@character_set_client */;
/*!50503 SET character_set_client = utf8mb4 */;
CREATE TABLE `assets` (
  `Id` int NOT NULL AUTO_INCREMENT,
  `Name` longtext CHARACTER SET utf8mb4 COLLATE utf8mb4_0900_ai_ci NOT NULL,
  `Description` longtext CHARACTER SET utf8mb4 COLLATE utf8mb4_0900_ai_ci NOT NULL,
  `ImageUrl` longtext CHARACTER SET utf8mb4 COLLATE utf8mb4_0900_ai_ci NOT NULL,
  `CreatedDate` datetime(6) NOT NULL,
  `Status` int NOT NULL,
  `Price` int NOT NULL DEFAULT '0',
  `Quantiy` int NOT NULL DEFAULT '0',
  PRIMARY KEY (`Id`)
) ENGINE=InnoDB AUTO_INCREMENT=7 DEFAULT CHARSET=utf8mb4 COLLATE=utf8mb4_0900_ai_ci;
/*!40101 SET character_set_client = @saved_cs_client */;

--
-- Dumping data for table `assets`
--

LOCK TABLES `assets` WRITE;
/*!40000 ALTER TABLE `assets` DISABLE KEYS */;
/*!40000 ALTER TABLE `assets` ENABLE KEYS */;
UNLOCK TABLES;

--
-- Table structure for table `attendances`
--

DROP TABLE IF EXISTS `attendances`;
/*!40101 SET @saved_cs_client     = @@character_set_client */;
/*!50503 SET character_set_client = utf8mb4 */;
CREATE TABLE `attendances` (
  `Id` int NOT NULL AUTO_INCREMENT,
  `CheckIn` datetime(6) NOT NULL,
  `CheckOut` datetime(6) DEFAULT NULL,
  `CreatedAt` datetime(6) NOT NULL,
  `Status` int NOT NULL,
  `Late` int NOT NULL,
  `AccountId` int NOT NULL,
  PRIMARY KEY (`Id`),
  KEY `IX_Attendances_AccountId` (`AccountId`),
  CONSTRAINT `FK_Attendances_Accounts_AccountId` FOREIGN KEY (`AccountId`) REFERENCES `accounts` (`Id`) ON DELETE CASCADE
) ENGINE=InnoDB AUTO_INCREMENT=1087 DEFAULT CHARSET=utf8mb4 COLLATE=utf8mb4_0900_ai_ci;
/*!40101 SET character_set_client = @saved_cs_client */;

--
-- Dumping data for table `attendances`
--

LOCK TABLES `attendances` WRITE;
/*!40000 ALTER TABLE `attendances` DISABLE KEYS */;
INSERT INTO `attendances` VALUES (31,'2024-11-01 08:20:00.000000','2024-11-01 17:45:00.000000','2024-11-01 08:20:00.000000',1,1,6),(32,'2024-11-04 08:40:00.000000','2024-11-04 18:10:00.000000','2024-11-04 08:40:00.000000',1,1,6),(33,'2024-11-05 08:25:00.000000','2024-11-05 18:00:00.000000','2024-11-05 08:25:00.000000',1,1,6),(34,'2024-11-06 08:35:00.000000','2024-11-06 18:20:00.000000','2024-11-06 08:35:00.000000',1,1,6),(35,'2024-11-08 08:30:00.000000','2024-11-08 17:50:00.000000','2024-11-08 08:30:00.000000',1,1,6),(36,'2024-11-12 08:10:00.000000','2024-11-12 18:30:00.000000','2024-11-12 08:10:00.000000',1,0,6),(37,'2024-11-14 08:20:00.000000','2024-11-14 18:30:00.000000','2024-11-14 08:20:00.000000',1,0,6),(38,'2024-11-22 08:15:00.000000','2024-11-22 17:55:00.000000','2024-11-22 08:15:00.000000',1,1,6),(39,'2024-11-25 08:35:00.000000','2024-11-25 18:10:00.000000','2024-11-25 08:35:00.000000',1,1,6),(40,'2024-11-07 08:30:00.000000','2024-11-07 18:00:00.000000','2024-11-07 08:30:00.000000',2,0,6),(41,'2024-11-11 08:30:00.000000','2024-11-11 18:00:00.000000','2024-11-11 08:30:00.000000',2,0,6),(42,'2024-11-19 08:30:00.000000','2024-11-19 18:00:00.000000','2024-11-19 08:30:00.000000',2,0,6),(43,'2024-11-27 08:30:00.000000','2024-11-27 18:00:00.000000','2024-11-27 08:30:00.000000',2,0,6),(44,'2024-11-29 08:30:00.000000','2024-11-29 18:00:00.000000','2024-11-29 08:30:00.000000',2,0,6),(45,'2024-12-01 08:15:00.000000','2024-12-01 18:00:00.000000','2024-12-01 08:15:00.000000',1,1,6),(46,'2024-12-02 08:25:00.000000','2024-12-02 18:10:00.000000','2024-12-02 08:25:00.000000',1,1,6),(47,'2024-12-03 08:30:00.000000','2024-12-03 18:20:00.000000','2024-12-03 08:30:00.000000',1,1,6),(48,'2024-12-04 08:10:00.000000','2024-12-04 18:15:00.000000','2024-12-04 08:10:00.000000',1,1,6),(49,'2024-12-05 08:40:00.000000','2024-12-05 18:25:00.000000','2024-12-05 08:40:00.000000',1,1,6),(50,'2024-12-08 08:30:00.000000','2024-12-08 18:00:00.000000','2024-12-08 08:30:00.000000',1,1,6),(51,'2024-12-09 08:25:00.000000','2024-12-09 18:15:00.000000','2024-12-09 08:25:00.000000',1,1,6),(52,'2024-12-10 08:35:00.000000','2024-12-10 18:10:00.000000','2024-12-10 08:35:00.000000',1,1,6),(53,'2024-12-11 08:45:00.000000','2024-12-11 18:00:00.000000','2024-12-11 08:45:00.000000',1,1,6),(54,'2024-12-12 08:20:00.000000','2024-12-12 18:25:00.000000','2024-12-12 08:20:00.000000',1,1,6),(55,'2024-12-15 08:30:00.000000','2024-12-15 18:10:00.000000','2024-12-15 08:30:00.000000',1,1,6),(56,'2024-12-16 08:40:00.000000','2024-12-16 18:30:00.000000','2024-12-16 08:40:00.000000',1,0,6),(57,'2024-12-17 08:30:00.000000','2024-12-17 18:10:00.000000','2024-12-17 08:30:00.000000',1,1,6),(58,'2024-12-18 08:50:00.000000','2024-12-18 18:30:00.000000','2024-12-18 08:50:00.000000',1,0,6),(59,'2024-12-19 08:30:00.000000','2024-12-19 18:20:00.000000','2024-12-19 08:30:00.000000',1,1,6),(60,'2024-12-22 08:30:00.000000','2024-12-22 18:00:00.000000','2024-12-22 08:30:00.000000',1,1,6),(61,'2024-12-23 08:35:00.000000','2024-12-23 18:30:00.000000','2024-12-23 08:35:00.000000',1,0,6),(62,'2024-12-24 08:30:00.000000','2024-12-24 18:00:00.000000','2024-12-24 08:30:00.000000',1,1,6),(63,'2024-12-25 08:20:00.000000','2024-12-25 18:10:00.000000','2024-12-25 08:20:00.000000',1,0,6),(64,'2024-11-01 08:30:00.000000','2024-11-01 18:30:00.000000','2024-12-25 10:34:38.000000',1,0,34),(65,'2024-11-01 08:30:00.000000','2024-11-01 18:30:00.000000','2024-12-25 10:34:38.000000',1,0,33),(66,'2024-11-01 08:30:00.000000','2024-11-01 18:30:00.000000','2024-12-25 10:34:38.000000',1,0,32),(67,'2024-11-01 08:30:00.000000','2024-11-01 18:30:00.000000','2024-12-25 10:34:38.000000',1,0,31),(68,'2024-11-01 08:30:00.000000','2024-11-01 18:30:00.000000','2024-12-25 10:34:38.000000',1,0,30),(69,'2024-11-01 08:30:00.000000','2024-11-01 18:30:00.000000','2024-12-25 10:34:38.000000',1,0,29),(70,'2024-11-01 08:30:00.000000','2024-11-01 18:30:00.000000','2024-12-25 10:34:38.000000',1,0,28),(71,'2024-11-01 08:30:00.000000','2024-11-01 18:30:00.000000','2024-12-25 10:34:38.000000',1,0,27),(72,'2024-11-01 08:30:00.000000','2024-11-01 18:30:00.000000','2024-12-25 10:34:38.000000',1,0,26),(73,'2024-11-01 08:30:00.000000','2024-11-01 18:30:00.000000','2024-12-25 10:34:38.000000',1,0,25),(74,'2024-11-01 08:30:00.000000','2024-11-01 18:30:00.000000','2024-12-25 10:34:38.000000',1,0,24),(75,'2024-11-01 08:30:00.000000','2024-11-01 18:30:00.000000','2024-12-25 10:34:38.000000',1,0,23),(76,'2024-11-01 08:30:00.000000','2024-11-01 18:30:00.000000','2024-12-25 10:34:38.000000',1,0,22),(77,'2024-11-01 08:30:00.000000','2024-11-01 18:30:00.000000','2024-12-25 10:34:38.000000',1,0,21),(78,'2024-11-01 08:30:00.000000','2024-11-01 18:30:00.000000','2024-12-25 10:34:38.000000',1,0,20),(79,'2024-11-01 08:30:00.000000','2024-11-01 18:30:00.000000','2024-12-25 10:34:38.000000',1,0,19),(80,'2024-11-01 08:30:00.000000','2024-11-01 18:30:00.000000','2024-12-25 10:34:38.000000',1,0,18),(81,'2024-11-01 08:30:00.000000','2024-11-01 18:30:00.000000','2024-12-25 10:34:38.000000',1,0,17),(82,'2024-11-01 08:30:00.000000','2024-11-01 18:30:00.000000','2024-12-25 10:34:38.000000',1,0,16),(83,'2024-11-01 08:30:00.000000','2024-11-01 18:30:00.000000','2024-12-25 10:34:38.000000',1,0,15),(84,'2024-11-01 08:30:00.000000','2024-11-01 18:30:00.000000','2024-12-25 10:34:38.000000',1,0,14),(85,'2024-11-01 08:30:00.000000','2024-11-01 18:30:00.000000','2024-12-25 10:34:38.000000',1,0,13),(86,'2024-11-01 08:30:00.000000','2024-11-01 18:30:00.000000','2024-12-25 10:34:38.000000',1,0,12),(87,'2024-11-01 08:30:00.000000','2024-11-01 18:30:00.000000','2024-12-25 10:34:38.000000',1,0,11),(88,'2024-11-01 08:30:00.000000','2024-11-01 18:30:00.000000','2024-12-25 10:34:38.000000',1,0,10),(89,'2024-11-01 08:30:00.000000','2024-11-01 18:30:00.000000','2024-12-25 10:34:38.000000',1,0,9),(90,'2024-11-01 08:30:00.000000','2024-11-01 18:30:00.000000','2024-12-25 10:34:38.000000',1,0,8),(91,'2024-11-01 08:30:00.000000','2024-11-01 18:30:00.000000','2024-12-25 10:34:38.000000',1,0,7),(92,'2024-11-02 08:30:00.000000','2024-11-02 18:30:00.000000','2024-12-25 10:34:38.000000',1,0,34),(93,'2024-11-02 08:30:00.000000','2024-11-02 18:30:00.000000','2024-12-25 10:34:38.000000',1,0,33),(94,'2024-11-02 08:30:00.000000','2024-11-02 18:30:00.000000','2024-12-25 10:34:38.000000',1,0,32),(95,'2024-11-02 08:30:00.000000','2024-11-02 18:30:00.000000','2024-12-25 10:34:38.000000',1,0,31),(96,'2024-11-02 08:30:00.000000','2024-11-02 18:30:00.000000','2024-12-25 10:34:38.000000',1,0,30),(97,'2024-11-02 08:30:00.000000','2024-11-02 18:30:00.000000','2024-12-25 10:34:38.000000',1,0,29),(98,'2024-11-02 08:30:00.000000','2024-11-02 18:30:00.000000','2024-12-25 10:34:38.000000',1,0,28),(99,'2024-11-02 08:30:00.000000','2024-11-02 18:30:00.000000','2024-12-25 10:34:38.000000',1,0,27),(100,'2024-11-02 08:30:00.000000','2024-11-02 18:30:00.000000','2024-12-25 10:34:38.000000',1,0,26),(101,'2024-11-02 08:30:00.000000','2024-11-02 18:30:00.000000','2024-12-25 10:34:38.000000',1,0,25),(102,'2024-11-02 08:30:00.000000','2024-11-02 18:30:00.000000','2024-12-25 10:34:38.000000',1,0,24),(103,'2024-11-02 08:30:00.000000','2024-11-02 18:30:00.000000','2024-12-25 10:34:38.000000',1,0,23),(104,'2024-11-02 08:30:00.000000','2024-11-02 18:30:00.000000','2024-12-25 10:34:38.000000',1,0,22),(105,'2024-11-02 08:30:00.000000','2024-11-02 18:30:00.000000','2024-12-25 10:34:38.000000',1,0,21),(106,'2024-11-02 08:30:00.000000','2024-11-02 18:30:00.000000','2024-12-25 10:34:38.000000',1,0,20),(107,'2024-11-02 08:30:00.000000','2024-11-02 18:30:00.000000','2024-12-25 10:34:38.000000',1,0,19),(108,'2024-11-02 08:30:00.000000','2024-11-02 18:30:00.000000','2024-12-25 10:34:38.000000',1,0,18),(109,'2024-11-02 08:30:00.000000','2024-11-02 18:30:00.000000','2024-12-25 10:34:38.000000',1,0,17),(110,'2024-11-02 08:30:00.000000','2024-11-02 18:30:00.000000','2024-12-25 10:34:38.000000',1,0,16),(111,'2024-11-02 08:30:00.000000','2024-11-02 18:30:00.000000','2024-12-25 10:34:38.000000',1,0,15),(112,'2024-11-02 08:30:00.000000','2024-11-02 18:30:00.000000','2024-12-25 10:34:38.000000',1,0,14),(113,'2024-11-02 08:30:00.000000','2024-11-02 18:30:00.000000','2024-12-25 10:34:38.000000',1,0,13),(114,'2024-11-02 08:30:00.000000','2024-11-02 18:30:00.000000','2024-12-25 10:34:38.000000',1,0,12),(115,'2024-11-02 08:30:00.000000','2024-11-02 18:30:00.000000','2024-12-25 10:34:38.000000',1,0,11),(116,'2024-11-02 08:30:00.000000','2024-11-02 18:30:00.000000','2024-12-25 10:34:38.000000',1,0,10),(117,'2024-11-02 08:30:00.000000','2024-11-02 18:30:00.000000','2024-12-25 10:34:38.000000',1,0,9),(118,'2024-11-02 08:30:00.000000','2024-11-02 18:30:00.000000','2024-12-25 10:34:38.000000',1,0,8),(119,'2024-11-02 08:30:00.000000','2024-11-02 18:30:00.000000','2024-12-25 10:34:38.000000',1,0,7),(120,'2024-11-03 08:30:00.000000','2024-11-03 18:30:00.000000','2024-12-25 10:34:38.000000',1,0,34),(121,'2024-11-03 08:30:00.000000','2024-11-03 18:30:00.000000','2024-12-25 10:34:38.000000',1,0,33),(122,'2024-11-03 08:30:00.000000','2024-11-03 18:30:00.000000','2024-12-25 10:34:38.000000',1,0,32),(123,'2024-11-03 08:30:00.000000','2024-11-03 18:30:00.000000','2024-12-25 10:34:38.000000',1,0,31),(124,'2024-11-03 08:30:00.000000','2024-11-03 18:30:00.000000','2024-12-25 10:34:38.000000',1,0,30),(125,'2024-11-03 08:30:00.000000','2024-11-03 18:30:00.000000','2024-12-25 10:34:38.000000',1,0,29),(126,'2024-11-03 08:30:00.000000','2024-11-03 18:30:00.000000','2024-12-25 10:34:38.000000',1,0,28),(127,'2024-11-03 08:30:00.000000','2024-11-03 18:30:00.000000','2024-12-25 10:34:38.000000',1,0,27),(128,'2024-11-03 08:30:00.000000','2024-11-03 18:30:00.000000','2024-12-25 10:34:38.000000',1,0,26),(129,'2024-11-03 08:30:00.000000','2024-11-03 18:30:00.000000','2024-12-25 10:34:38.000000',1,0,25),(130,'2024-11-03 08:30:00.000000','2024-11-03 18:30:00.000000','2024-12-25 10:34:38.000000',1,0,24),(131,'2024-11-03 08:30:00.000000','2024-11-03 18:30:00.000000','2024-12-25 10:34:38.000000',1,0,23),(132,'2024-11-03 08:30:00.000000','2024-11-03 18:30:00.000000','2024-12-25 10:34:38.000000',1,0,22),(133,'2024-11-03 08:30:00.000000','2024-11-03 18:30:00.000000','2024-12-25 10:34:38.000000',1,0,21),(134,'2024-11-03 08:30:00.000000','2024-11-03 18:30:00.000000','2024-12-25 10:34:38.000000',1,0,20),(135,'2024-11-03 08:30:00.000000','2024-11-03 18:30:00.000000','2024-12-25 10:34:38.000000',1,0,19),(136,'2024-11-03 08:30:00.000000','2024-11-03 18:30:00.000000','2024-12-25 10:34:38.000000',1,0,18),(137,'2024-11-03 08:30:00.000000','2024-11-03 18:30:00.000000','2024-12-25 10:34:38.000000',1,0,17),(138,'2024-11-03 08:30:00.000000','2024-11-03 18:30:00.000000','2024-12-25 10:34:38.000000',1,0,16),(139,'2024-11-03 08:30:00.000000','2024-11-03 18:30:00.000000','2024-12-25 10:34:38.000000',1,0,15),(140,'2024-11-03 08:30:00.000000','2024-11-03 18:30:00.000000','2024-12-25 10:34:38.000000',1,0,14),(141,'2024-11-03 08:30:00.000000','2024-11-03 18:30:00.000000','2024-12-25 10:34:38.000000',1,0,13),(142,'2024-11-03 08:30:00.000000','2024-11-03 18:30:00.000000','2024-12-25 10:34:38.000000',1,0,12),(143,'2024-11-03 08:30:00.000000','2024-11-03 18:30:00.000000','2024-12-25 10:34:38.000000',1,0,11),(144,'2024-11-03 08:30:00.000000','2024-11-03 18:30:00.000000','2024-12-25 10:34:38.000000',1,0,10),(145,'2024-11-03 08:30:00.000000','2024-11-03 18:30:00.000000','2024-12-25 10:34:38.000000',1,0,9),(146,'2024-11-03 08:30:00.000000','2024-11-03 18:30:00.000000','2024-12-25 10:34:38.000000',1,0,8),(147,'2024-11-03 08:30:00.000000','2024-11-03 18:30:00.000000','2024-12-25 10:34:38.000000',1,0,7),(148,'2024-11-04 08:30:00.000000','2024-11-04 18:30:00.000000','2024-12-25 10:34:38.000000',1,0,34),(149,'2024-11-04 08:30:00.000000','2024-11-04 18:30:00.000000','2024-12-25 10:34:38.000000',1,0,33),(150,'2024-11-04 08:30:00.000000','2024-11-04 18:30:00.000000','2024-12-25 10:34:38.000000',1,0,32),(151,'2024-11-04 08:30:00.000000','2024-11-04 18:30:00.000000','2024-12-25 10:34:38.000000',1,0,31),(152,'2024-11-04 08:30:00.000000','2024-11-04 18:30:00.000000','2024-12-25 10:34:38.000000',1,0,30),(153,'2024-11-04 08:30:00.000000','2024-11-04 18:30:00.000000','2024-12-25 10:34:38.000000',1,0,29),(154,'2024-11-04 08:30:00.000000','2024-11-04 18:30:00.000000','2024-12-25 10:34:38.000000',1,0,28),(155,'2024-11-04 08:30:00.000000','2024-11-04 18:30:00.000000','2024-12-25 10:34:38.000000',1,0,27),(156,'2024-11-04 08:30:00.000000','2024-11-04 18:30:00.000000','2024-12-25 10:34:38.000000',1,0,26),(157,'2024-11-04 08:30:00.000000','2024-11-04 18:30:00.000000','2024-12-25 10:34:38.000000',1,0,25),(158,'2024-11-04 08:30:00.000000','2024-11-04 18:30:00.000000','2024-12-25 10:34:38.000000',1,0,24),(159,'2024-11-04 08:30:00.000000','2024-11-04 18:30:00.000000','2024-12-25 10:34:38.000000',1,0,23),(160,'2024-11-04 08:30:00.000000','2024-11-04 18:30:00.000000','2024-12-25 10:34:38.000000',1,0,22),(161,'2024-11-04 08:30:00.000000','2024-11-04 18:30:00.000000','2024-12-25 10:34:38.000000',1,0,21),(162,'2024-11-04 08:30:00.000000','2024-11-04 18:30:00.000000','2024-12-25 10:34:38.000000',1,0,20),(163,'2024-11-04 08:30:00.000000','2024-11-04 18:30:00.000000','2024-12-25 10:34:38.000000',1,0,19),(164,'2024-11-04 08:30:00.000000','2024-11-04 18:30:00.000000','2024-12-25 10:34:38.000000',1,0,18),(165,'2024-11-04 08:30:00.000000','2024-11-04 18:30:00.000000','2024-12-25 10:34:38.000000',1,0,17),(166,'2024-11-04 08:30:00.000000','2024-11-04 18:30:00.000000','2024-12-25 10:34:38.000000',1,0,16),(167,'2024-11-04 08:30:00.000000','2024-11-04 18:30:00.000000','2024-12-25 10:34:38.000000',1,0,15),(168,'2024-11-04 08:30:00.000000','2024-11-04 18:30:00.000000','2024-12-25 10:34:38.000000',1,0,14),(169,'2024-11-04 08:30:00.000000','2024-11-04 18:30:00.000000','2024-12-25 10:34:38.000000',1,0,13),(170,'2024-11-04 08:30:00.000000','2024-11-04 18:30:00.000000','2024-12-25 10:34:38.000000',1,0,12),(171,'2024-11-04 08:30:00.000000','2024-11-04 18:30:00.000000','2024-12-25 10:34:38.000000',1,0,11),(172,'2024-11-04 08:30:00.000000','2024-11-04 18:30:00.000000','2024-12-25 10:34:38.000000',1,0,10),(173,'2024-11-04 08:30:00.000000','2024-11-04 18:30:00.000000','2024-12-25 10:34:38.000000',1,0,9),(174,'2024-11-04 08:30:00.000000','2024-11-04 18:30:00.000000','2024-12-25 10:34:38.000000',1,0,8),(175,'2024-11-04 08:30:00.000000','2024-11-04 18:30:00.000000','2024-12-25 10:34:38.000000',1,0,7),(176,'2024-11-05 08:30:00.000000','2024-11-05 18:30:00.000000','2024-12-25 10:34:38.000000',1,0,34),(177,'2024-11-05 08:30:00.000000','2024-11-05 18:30:00.000000','2024-12-25 10:34:38.000000',1,0,33),(178,'2024-11-05 08:30:00.000000','2024-11-05 18:30:00.000000','2024-12-25 10:34:38.000000',1,0,32),(179,'2024-11-05 08:30:00.000000','2024-11-05 18:30:00.000000','2024-12-25 10:34:38.000000',1,0,31),(180,'2024-11-05 08:30:00.000000','2024-11-05 18:30:00.000000','2024-12-25 10:34:38.000000',1,0,30),(181,'2024-11-05 08:30:00.000000','2024-11-05 18:30:00.000000','2024-12-25 10:34:38.000000',1,0,29),(182,'2024-11-05 08:30:00.000000','2024-11-05 18:30:00.000000','2024-12-25 10:34:38.000000',1,0,28),(183,'2024-11-05 08:30:00.000000','2024-11-05 18:30:00.000000','2024-12-25 10:34:38.000000',1,0,27),(184,'2024-11-05 08:30:00.000000','2024-11-05 18:30:00.000000','2024-12-25 10:34:38.000000',1,0,26),(185,'2024-11-05 08:30:00.000000','2024-11-05 18:30:00.000000','2024-12-25 10:34:38.000000',1,0,25),(186,'2024-11-05 08:30:00.000000','2024-11-05 18:30:00.000000','2024-12-25 10:34:38.000000',1,0,24),(187,'2024-11-05 08:30:00.000000','2024-11-05 18:30:00.000000','2024-12-25 10:34:38.000000',1,0,23),(188,'2024-11-05 08:30:00.000000','2024-11-05 18:30:00.000000','2024-12-25 10:34:38.000000',1,0,22),(189,'2024-11-05 08:30:00.000000','2024-11-05 18:30:00.000000','2024-12-25 10:34:38.000000',1,0,21),(190,'2024-11-05 08:30:00.000000','2024-11-05 18:30:00.000000','2024-12-25 10:34:38.000000',1,0,20),(191,'2024-11-05 08:30:00.000000','2024-11-05 18:30:00.000000','2024-12-25 10:34:38.000000',1,0,19),(192,'2024-11-05 08:30:00.000000','2024-11-05 18:30:00.000000','2024-12-25 10:34:38.000000',1,0,18),(193,'2024-11-05 08:30:00.000000','2024-11-05 18:30:00.000000','2024-12-25 10:34:38.000000',1,0,17),(194,'2024-11-05 08:30:00.000000','2024-11-05 18:30:00.000000','2024-12-25 10:34:38.000000',1,0,16),(195,'2024-11-05 08:30:00.000000','2024-11-05 18:30:00.000000','2024-12-25 10:34:38.000000',1,0,15),(196,'2024-11-05 08:30:00.000000','2024-11-05 18:30:00.000000','2024-12-25 10:34:38.000000',1,0,14),(197,'2024-11-05 08:30:00.000000','2024-11-05 18:30:00.000000','2024-12-25 10:34:38.000000',1,0,13),(198,'2024-11-05 08:30:00.000000','2024-11-05 18:30:00.000000','2024-12-25 10:34:38.000000',1,0,12),(199,'2024-11-05 08:30:00.000000','2024-11-05 18:30:00.000000','2024-12-25 10:34:38.000000',1,0,11),(200,'2024-11-05 08:30:00.000000','2024-11-05 18:30:00.000000','2024-12-25 10:34:38.000000',1,0,10),(201,'2024-11-05 08:30:00.000000','2024-11-05 18:30:00.000000','2024-12-25 10:34:38.000000',1,0,9),(202,'2024-11-05 08:30:00.000000','2024-11-05 18:30:00.000000','2024-12-25 10:34:38.000000',1,0,8),(203,'2024-11-05 08:30:00.000000','2024-11-05 18:30:00.000000','2024-12-25 10:34:38.000000',1,0,7),(204,'2024-11-06 08:30:00.000000','2024-11-06 18:30:00.000000','2024-12-25 10:34:38.000000',1,0,34),(205,'2024-11-06 08:30:00.000000','2024-11-06 18:30:00.000000','2024-12-25 10:34:38.000000',1,0,33),(206,'2024-11-06 08:30:00.000000','2024-11-06 18:30:00.000000','2024-12-25 10:34:38.000000',1,0,32),(207,'2024-11-06 08:30:00.000000','2024-11-06 18:30:00.000000','2024-12-25 10:34:38.000000',1,0,31),(208,'2024-11-06 08:30:00.000000','2024-11-06 18:30:00.000000','2024-12-25 10:34:38.000000',1,0,30),(209,'2024-11-06 08:30:00.000000','2024-11-06 18:30:00.000000','2024-12-25 10:34:38.000000',1,0,29),(210,'2024-11-06 08:30:00.000000','2024-11-06 18:30:00.000000','2024-12-25 10:34:38.000000',1,0,28),(211,'2024-11-06 08:30:00.000000','2024-11-06 18:30:00.000000','2024-12-25 10:34:38.000000',1,0,27),(212,'2024-11-06 08:30:00.000000','2024-11-06 18:30:00.000000','2024-12-25 10:34:38.000000',1,0,26),(213,'2024-11-06 08:30:00.000000','2024-11-06 18:30:00.000000','2024-12-25 10:34:38.000000',1,0,25),(214,'2024-11-06 08:30:00.000000','2024-11-06 18:30:00.000000','2024-12-25 10:34:38.000000',1,0,24),(215,'2024-11-06 08:30:00.000000','2024-11-06 18:30:00.000000','2024-12-25 10:34:38.000000',1,0,23),(216,'2024-11-06 08:30:00.000000','2024-11-06 18:30:00.000000','2024-12-25 10:34:38.000000',1,0,22),(217,'2024-11-06 08:30:00.000000','2024-11-06 18:30:00.000000','2024-12-25 10:34:38.000000',1,0,21),(218,'2024-11-06 08:30:00.000000','2024-11-06 18:30:00.000000','2024-12-25 10:34:38.000000',1,0,20),(219,'2024-11-06 08:30:00.000000','2024-11-06 18:30:00.000000','2024-12-25 10:34:38.000000',1,0,19),(220,'2024-11-06 08:30:00.000000','2024-11-06 18:30:00.000000','2024-12-25 10:34:38.000000',1,0,18),(221,'2024-11-06 08:30:00.000000','2024-11-06 18:30:00.000000','2024-12-25 10:34:38.000000',1,0,17),(222,'2024-11-06 08:30:00.000000','2024-11-06 18:30:00.000000','2024-12-25 10:34:38.000000',1,0,16),(223,'2024-11-06 08:30:00.000000','2024-11-06 18:30:00.000000','2024-12-25 10:34:38.000000',1,0,15),(224,'2024-11-06 08:30:00.000000','2024-11-06 18:30:00.000000','2024-12-25 10:34:38.000000',1,0,14),(225,'2024-11-06 08:30:00.000000','2024-11-06 18:30:00.000000','2024-12-25 10:34:38.000000',1,0,13),(226,'2024-11-06 08:30:00.000000','2024-11-06 18:30:00.000000','2024-12-25 10:34:38.000000',1,0,12),(227,'2024-11-06 08:30:00.000000','2024-11-06 18:30:00.000000','2024-12-25 10:34:38.000000',1,0,11),(228,'2024-11-06 08:30:00.000000','2024-11-06 18:30:00.000000','2024-12-25 10:34:38.000000',1,0,10),(229,'2024-11-06 08:30:00.000000','2024-11-06 18:30:00.000000','2024-12-25 10:34:38.000000',1,0,9),(230,'2024-11-06 08:30:00.000000','2024-11-06 18:30:00.000000','2024-12-25 10:34:38.000000',1,0,8),(231,'2024-11-06 08:30:00.000000','2024-11-06 18:30:00.000000','2024-12-25 10:34:38.000000',1,0,7),(232,'2024-11-07 08:30:00.000000','2024-11-07 18:30:00.000000','2024-12-25 10:34:38.000000',1,0,34),(233,'2024-11-07 08:30:00.000000','2024-11-07 18:30:00.000000','2024-12-25 10:34:38.000000',1,0,33),(234,'2024-11-07 08:30:00.000000','2024-11-07 18:30:00.000000','2024-12-25 10:34:38.000000',1,0,32),(235,'2024-11-07 08:30:00.000000','2024-11-07 18:30:00.000000','2024-12-25 10:34:38.000000',1,0,31),(236,'2024-11-07 08:30:00.000000','2024-11-07 18:30:00.000000','2024-12-25 10:34:38.000000',1,0,30),(237,'2024-11-07 08:30:00.000000','2024-11-07 18:30:00.000000','2024-12-25 10:34:38.000000',1,0,29),(238,'2024-11-07 08:30:00.000000','2024-11-07 18:30:00.000000','2024-12-25 10:34:38.000000',1,0,28),(239,'2024-11-07 08:30:00.000000','2024-11-07 18:30:00.000000','2024-12-25 10:34:38.000000',1,0,27),(240,'2024-11-07 08:30:00.000000','2024-11-07 18:30:00.000000','2024-12-25 10:34:38.000000',1,0,26),(241,'2024-11-07 08:30:00.000000','2024-11-07 18:30:00.000000','2024-12-25 10:34:38.000000',1,0,25),(242,'2024-11-07 08:30:00.000000','2024-11-07 18:30:00.000000','2024-12-25 10:34:38.000000',1,0,24),(243,'2024-11-07 08:30:00.000000','2024-11-07 18:30:00.000000','2024-12-25 10:34:38.000000',1,0,23),(244,'2024-11-07 08:30:00.000000','2024-11-07 18:30:00.000000','2024-12-25 10:34:38.000000',1,0,22),(245,'2024-11-07 08:30:00.000000','2024-11-07 18:30:00.000000','2024-12-25 10:34:38.000000',1,0,21),(246,'2024-11-07 08:30:00.000000','2024-11-07 18:30:00.000000','2024-12-25 10:34:38.000000',1,0,20),(247,'2024-11-07 08:30:00.000000','2024-11-07 18:30:00.000000','2024-12-25 10:34:38.000000',1,0,19),(248,'2024-11-07 08:30:00.000000','2024-11-07 18:30:00.000000','2024-12-25 10:34:38.000000',1,0,18),(249,'2024-11-07 08:30:00.000000','2024-11-07 18:30:00.000000','2024-12-25 10:34:38.000000',1,0,17),(250,'2024-11-07 08:30:00.000000','2024-11-07 18:30:00.000000','2024-12-25 10:34:38.000000',1,0,16),(251,'2024-11-07 08:30:00.000000','2024-11-07 18:30:00.000000','2024-12-25 10:34:38.000000',1,0,15),(252,'2024-11-07 08:30:00.000000','2024-11-07 18:30:00.000000','2024-12-25 10:34:38.000000',1,0,14),(253,'2024-11-07 08:30:00.000000','2024-11-07 18:30:00.000000','2024-12-25 10:34:38.000000',1,0,13),(254,'2024-11-07 08:30:00.000000','2024-11-07 18:30:00.000000','2024-12-25 10:34:38.000000',1,0,12),(255,'2024-11-07 08:30:00.000000','2024-11-07 18:30:00.000000','2024-12-25 10:34:38.000000',1,0,11),(256,'2024-11-07 08:30:00.000000','2024-11-07 18:30:00.000000','2024-12-25 10:34:38.000000',1,0,10),(257,'2024-11-07 08:30:00.000000','2024-11-07 18:30:00.000000','2024-12-25 10:34:38.000000',1,0,9),(258,'2024-11-07 08:30:00.000000','2024-11-07 18:30:00.000000','2024-12-25 10:34:38.000000',1,0,8),(259,'2024-11-07 08:30:00.000000','2024-11-07 18:30:00.000000','2024-12-25 10:34:38.000000',1,0,7),(260,'2024-11-08 08:30:00.000000','2024-11-08 18:30:00.000000','2024-12-25 10:34:38.000000',1,0,34),(261,'2024-11-08 08:30:00.000000','2024-11-08 18:30:00.000000','2024-12-25 10:34:38.000000',1,0,33),(262,'2024-11-08 08:30:00.000000','2024-11-08 18:30:00.000000','2024-12-25 10:34:38.000000',1,0,32),(263,'2024-11-08 08:30:00.000000','2024-11-08 18:30:00.000000','2024-12-25 10:34:38.000000',1,0,31),(264,'2024-11-08 08:30:00.000000','2024-11-08 18:30:00.000000','2024-12-25 10:34:38.000000',1,0,30),(265,'2024-11-08 08:30:00.000000','2024-11-08 18:30:00.000000','2024-12-25 10:34:38.000000',1,0,29),(266,'2024-11-08 08:30:00.000000','2024-11-08 18:30:00.000000','2024-12-25 10:34:38.000000',1,0,28),(267,'2024-11-08 08:30:00.000000','2024-11-08 18:30:00.000000','2024-12-25 10:34:38.000000',1,0,27),(268,'2024-11-08 08:30:00.000000','2024-11-08 18:30:00.000000','2024-12-25 10:34:38.000000',1,0,26),(269,'2024-11-08 08:30:00.000000','2024-11-08 18:30:00.000000','2024-12-25 10:34:38.000000',1,0,25),(270,'2024-11-08 08:30:00.000000','2024-11-08 18:30:00.000000','2024-12-25 10:34:38.000000',1,0,24),(271,'2024-11-08 08:30:00.000000','2024-11-08 18:30:00.000000','2024-12-25 10:34:38.000000',1,0,23),(272,'2024-11-08 08:30:00.000000','2024-11-08 18:30:00.000000','2024-12-25 10:34:38.000000',1,0,22),(273,'2024-11-08 08:30:00.000000','2024-11-08 18:30:00.000000','2024-12-25 10:34:38.000000',1,0,21),(274,'2024-11-08 08:30:00.000000','2024-11-08 18:30:00.000000','2024-12-25 10:34:38.000000',1,0,20),(275,'2024-11-08 08:30:00.000000','2024-11-08 18:30:00.000000','2024-12-25 10:34:38.000000',1,0,19),(276,'2024-11-08 08:30:00.000000','2024-11-08 18:30:00.000000','2024-12-25 10:34:38.000000',1,0,18),(277,'2024-11-08 08:30:00.000000','2024-11-08 18:30:00.000000','2024-12-25 10:34:38.000000',1,0,17),(278,'2024-11-08 08:30:00.000000','2024-11-08 18:30:00.000000','2024-12-25 10:34:38.000000',1,0,16),(279,'2024-11-08 08:30:00.000000','2024-11-08 18:30:00.000000','2024-12-25 10:34:38.000000',1,0,15),(280,'2024-11-08 08:30:00.000000','2024-11-08 18:30:00.000000','2024-12-25 10:34:38.000000',1,0,14),(281,'2024-11-08 08:30:00.000000','2024-11-08 18:30:00.000000','2024-12-25 10:34:38.000000',1,0,13),(282,'2024-11-08 08:30:00.000000','2024-11-08 18:30:00.000000','2024-12-25 10:34:38.000000',1,0,12),(283,'2024-11-08 08:30:00.000000','2024-11-08 18:30:00.000000','2024-12-25 10:34:38.000000',1,0,11),(284,'2024-11-08 08:30:00.000000','2024-11-08 18:30:00.000000','2024-12-25 10:34:38.000000',1,0,10),(285,'2024-11-08 08:30:00.000000','2024-11-08 18:30:00.000000','2024-12-25 10:34:38.000000',1,0,9),(286,'2024-11-08 08:30:00.000000','2024-11-08 18:30:00.000000','2024-12-25 10:34:38.000000',1,0,8),(287,'2024-11-08 08:30:00.000000','2024-11-08 18:30:00.000000','2024-12-25 10:34:38.000000',1,0,7),(288,'2024-11-09 08:30:00.000000','2024-11-09 18:30:00.000000','2024-12-25 10:34:38.000000',1,0,34),(289,'2024-11-09 08:30:00.000000','2024-11-09 18:30:00.000000','2024-12-25 10:34:38.000000',1,0,33),(290,'2024-11-09 08:30:00.000000','2024-11-09 18:30:00.000000','2024-12-25 10:34:38.000000',1,0,32),(291,'2024-11-09 08:30:00.000000','2024-11-09 18:30:00.000000','2024-12-25 10:34:38.000000',1,0,31),(292,'2024-11-09 08:30:00.000000','2024-11-09 18:30:00.000000','2024-12-25 10:34:38.000000',1,0,30),(293,'2024-11-09 08:30:00.000000','2024-11-09 18:30:00.000000','2024-12-25 10:34:38.000000',1,0,29),(294,'2024-11-09 08:30:00.000000','2024-11-09 18:30:00.000000','2024-12-25 10:34:38.000000',1,0,28),(295,'2024-11-09 08:30:00.000000','2024-11-09 18:30:00.000000','2024-12-25 10:34:38.000000',1,0,27),(296,'2024-11-09 08:30:00.000000','2024-11-09 18:30:00.000000','2024-12-25 10:34:38.000000',1,0,26),(297,'2024-11-09 08:30:00.000000','2024-11-09 18:30:00.000000','2024-12-25 10:34:38.000000',1,0,25),(298,'2024-11-09 08:30:00.000000','2024-11-09 18:30:00.000000','2024-12-25 10:34:38.000000',1,0,24),(299,'2024-11-09 08:30:00.000000','2024-11-09 18:30:00.000000','2024-12-25 10:34:38.000000',1,0,23),(300,'2024-11-09 08:30:00.000000','2024-11-09 18:30:00.000000','2024-12-25 10:34:38.000000',1,0,22),(301,'2024-11-09 08:30:00.000000','2024-11-09 18:30:00.000000','2024-12-25 10:34:38.000000',1,0,21),(302,'2024-11-09 08:30:00.000000','2024-11-09 18:30:00.000000','2024-12-25 10:34:38.000000',1,0,20),(303,'2024-11-09 08:30:00.000000','2024-11-09 18:30:00.000000','2024-12-25 10:34:38.000000',1,0,19),(304,'2024-11-09 08:30:00.000000','2024-11-09 18:30:00.000000','2024-12-25 10:34:38.000000',1,0,18),(305,'2024-11-09 08:30:00.000000','2024-11-09 18:30:00.000000','2024-12-25 10:34:38.000000',1,0,17),(306,'2024-11-09 08:30:00.000000','2024-11-09 18:30:00.000000','2024-12-25 10:34:38.000000',1,0,16),(307,'2024-11-09 08:30:00.000000','2024-11-09 18:30:00.000000','2024-12-25 10:34:38.000000',1,0,15),(308,'2024-11-09 08:30:00.000000','2024-11-09 18:30:00.000000','2024-12-25 10:34:38.000000',1,0,14),(309,'2024-11-09 08:30:00.000000','2024-11-09 18:30:00.000000','2024-12-25 10:34:38.000000',1,0,13),(310,'2024-11-09 08:30:00.000000','2024-11-09 18:30:00.000000','2024-12-25 10:34:38.000000',1,0,12),(311,'2024-11-09 08:30:00.000000','2024-11-09 18:30:00.000000','2024-12-25 10:34:38.000000',1,0,11),(312,'2024-11-09 08:30:00.000000','2024-11-09 18:30:00.000000','2024-12-25 10:34:38.000000',1,0,10),(313,'2024-11-09 08:30:00.000000','2024-11-09 18:30:00.000000','2024-12-25 10:34:38.000000',1,0,9),(314,'2024-11-09 08:30:00.000000','2024-11-09 18:30:00.000000','2024-12-25 10:34:38.000000',1,0,8),(315,'2024-11-09 08:30:00.000000','2024-11-09 18:30:00.000000','2024-12-25 10:34:38.000000',1,0,7),(316,'2024-11-10 08:30:00.000000','2024-11-10 18:30:00.000000','2024-12-25 10:34:38.000000',1,0,34),(317,'2024-11-10 08:30:00.000000','2024-11-10 18:30:00.000000','2024-12-25 10:34:38.000000',1,0,33),(318,'2024-11-10 08:30:00.000000','2024-11-10 18:30:00.000000','2024-12-25 10:34:38.000000',1,0,32),(319,'2024-11-10 08:30:00.000000','2024-11-10 18:30:00.000000','2024-12-25 10:34:38.000000',1,0,31),(320,'2024-11-10 08:30:00.000000','2024-11-10 18:30:00.000000','2024-12-25 10:34:38.000000',1,0,30),(321,'2024-11-10 08:30:00.000000','2024-11-10 18:30:00.000000','2024-12-25 10:34:38.000000',1,0,29),(322,'2024-11-10 08:30:00.000000','2024-11-10 18:30:00.000000','2024-12-25 10:34:38.000000',1,0,28),(323,'2024-11-10 08:30:00.000000','2024-11-10 18:30:00.000000','2024-12-25 10:34:38.000000',1,0,27),(324,'2024-11-10 08:30:00.000000','2024-11-10 18:30:00.000000','2024-12-25 10:34:38.000000',1,0,26),(325,'2024-11-10 08:30:00.000000','2024-11-10 18:30:00.000000','2024-12-25 10:34:38.000000',1,0,25),(326,'2024-11-10 08:30:00.000000','2024-11-10 18:30:00.000000','2024-12-25 10:34:38.000000',1,0,24),(327,'2024-11-10 08:30:00.000000','2024-11-10 18:30:00.000000','2024-12-25 10:34:38.000000',1,0,23),(328,'2024-11-10 08:30:00.000000','2024-11-10 18:30:00.000000','2024-12-25 10:34:38.000000',1,0,22),(329,'2024-11-10 08:30:00.000000','2024-11-10 18:30:00.000000','2024-12-25 10:34:38.000000',1,0,21),(330,'2024-11-10 08:30:00.000000','2024-11-10 18:30:00.000000','2024-12-25 10:34:38.000000',1,0,20),(331,'2024-11-10 08:30:00.000000','2024-11-10 18:30:00.000000','2024-12-25 10:34:38.000000',1,0,19),(332,'2024-11-10 08:30:00.000000','2024-11-10 18:30:00.000000','2024-12-25 10:34:38.000000',1,0,18),(333,'2024-11-10 08:30:00.000000','2024-11-10 18:30:00.000000','2024-12-25 10:34:38.000000',1,0,17),(334,'2024-11-10 08:30:00.000000','2024-11-10 18:30:00.000000','2024-12-25 10:34:38.000000',1,0,16),(335,'2024-11-10 08:30:00.000000','2024-11-10 18:30:00.000000','2024-12-25 10:34:38.000000',1,0,15),(336,'2024-11-10 08:30:00.000000','2024-11-10 18:30:00.000000','2024-12-25 10:34:38.000000',1,0,14),(337,'2024-11-10 08:30:00.000000','2024-11-10 18:30:00.000000','2024-12-25 10:34:38.000000',1,0,13),(338,'2024-11-10 08:30:00.000000','2024-11-10 18:30:00.000000','2024-12-25 10:34:38.000000',1,0,12),(339,'2024-11-10 08:30:00.000000','2024-11-10 18:30:00.000000','2024-12-25 10:34:38.000000',1,0,11),(340,'2024-11-10 08:30:00.000000','2024-11-10 18:30:00.000000','2024-12-25 10:34:38.000000',1,0,10),(341,'2024-11-10 08:30:00.000000','2024-11-10 18:30:00.000000','2024-12-25 10:34:38.000000',1,0,9),(342,'2024-11-10 08:30:00.000000','2024-11-10 18:30:00.000000','2024-12-25 10:34:38.000000',1,0,8),(343,'2024-11-10 08:30:00.000000','2024-11-10 18:30:00.000000','2024-12-25 10:34:38.000000',1,0,7),(344,'2024-11-11 08:30:00.000000','2024-11-11 18:30:00.000000','2024-12-25 10:34:38.000000',1,0,34),(345,'2024-11-11 08:30:00.000000','2024-11-11 18:30:00.000000','2024-12-25 10:34:38.000000',1,0,33),(346,'2024-11-11 08:30:00.000000','2024-11-11 18:30:00.000000','2024-12-25 10:34:38.000000',1,0,32),(347,'2024-11-11 08:30:00.000000','2024-11-11 18:30:00.000000','2024-12-25 10:34:38.000000',1,0,31),(348,'2024-11-11 08:30:00.000000','2024-11-11 18:30:00.000000','2024-12-25 10:34:38.000000',1,0,30),(349,'2024-11-11 08:30:00.000000','2024-11-11 18:30:00.000000','2024-12-25 10:34:38.000000',1,0,29),(350,'2024-11-11 08:30:00.000000','2024-11-11 18:30:00.000000','2024-12-25 10:34:38.000000',1,0,28),(351,'2024-11-11 08:30:00.000000','2024-11-11 18:30:00.000000','2024-12-25 10:34:38.000000',1,0,27),(352,'2024-11-11 08:30:00.000000','2024-11-11 18:30:00.000000','2024-12-25 10:34:38.000000',1,0,26),(353,'2024-11-11 08:30:00.000000','2024-11-11 18:30:00.000000','2024-12-25 10:34:38.000000',1,0,25),(354,'2024-11-11 08:30:00.000000','2024-11-11 18:30:00.000000','2024-12-25 10:34:38.000000',1,0,24),(355,'2024-11-11 08:30:00.000000','2024-11-11 18:30:00.000000','2024-12-25 10:34:38.000000',1,0,23),(356,'2024-11-11 08:30:00.000000','2024-11-11 18:30:00.000000','2024-12-25 10:34:38.000000',1,0,22),(357,'2024-11-11 08:30:00.000000','2024-11-11 18:30:00.000000','2024-12-25 10:34:38.000000',1,0,21),(358,'2024-11-11 08:30:00.000000','2024-11-11 18:30:00.000000','2024-12-25 10:34:38.000000',1,0,20),(359,'2024-11-11 08:30:00.000000','2024-11-11 18:30:00.000000','2024-12-25 10:34:38.000000',1,0,19),(360,'2024-11-11 08:30:00.000000','2024-11-11 18:30:00.000000','2024-12-25 10:34:38.000000',1,0,18),(361,'2024-11-11 08:30:00.000000','2024-11-11 18:30:00.000000','2024-12-25 10:34:38.000000',1,0,17),(362,'2024-11-11 08:30:00.000000','2024-11-11 18:30:00.000000','2024-12-25 10:34:38.000000',1,0,16),(363,'2024-11-11 08:30:00.000000','2024-11-11 18:30:00.000000','2024-12-25 10:34:38.000000',1,0,15),(364,'2024-11-11 08:30:00.000000','2024-11-11 18:30:00.000000','2024-12-25 10:34:38.000000',1,0,14),(365,'2024-11-11 08:30:00.000000','2024-11-11 18:30:00.000000','2024-12-25 10:34:38.000000',1,0,13),(366,'2024-11-11 08:30:00.000000','2024-11-11 18:30:00.000000','2024-12-25 10:34:38.000000',1,0,12),(367,'2024-11-11 08:30:00.000000','2024-11-11 18:30:00.000000','2024-12-25 10:34:38.000000',1,0,11),(368,'2024-11-11 08:30:00.000000','2024-11-11 18:30:00.000000','2024-12-25 10:34:38.000000',1,0,10),(369,'2024-11-11 08:30:00.000000','2024-11-11 18:30:00.000000','2024-12-25 10:34:38.000000',1,0,9),(370,'2024-11-11 08:30:00.000000','2024-11-11 18:30:00.000000','2024-12-25 10:34:38.000000',1,0,8),(371,'2024-11-11 08:30:00.000000','2024-11-11 18:30:00.000000','2024-12-25 10:34:38.000000',1,0,7),(372,'2024-11-12 08:30:00.000000','2024-11-12 18:30:00.000000','2024-12-25 10:34:38.000000',1,0,34),(373,'2024-11-12 08:30:00.000000','2024-11-12 18:30:00.000000','2024-12-25 10:34:38.000000',1,0,33),(374,'2024-11-12 08:30:00.000000','2024-11-12 18:30:00.000000','2024-12-25 10:34:38.000000',1,0,32),(375,'2024-11-12 08:30:00.000000','2024-11-12 18:30:00.000000','2024-12-25 10:34:38.000000',1,0,31),(376,'2024-11-12 08:30:00.000000','2024-11-12 18:30:00.000000','2024-12-25 10:34:38.000000',1,0,30),(377,'2024-11-12 08:30:00.000000','2024-11-12 18:30:00.000000','2024-12-25 10:34:38.000000',1,0,29),(378,'2024-11-12 08:30:00.000000','2024-11-12 18:30:00.000000','2024-12-25 10:34:38.000000',1,0,28),(379,'2024-11-12 08:30:00.000000','2024-11-12 18:30:00.000000','2024-12-25 10:34:38.000000',1,0,27),(380,'2024-11-12 08:30:00.000000','2024-11-12 18:30:00.000000','2024-12-25 10:34:38.000000',1,0,26),(381,'2024-11-12 08:30:00.000000','2024-11-12 18:30:00.000000','2024-12-25 10:34:38.000000',1,0,25),(382,'2024-11-12 08:30:00.000000','2024-11-12 18:30:00.000000','2024-12-25 10:34:38.000000',1,0,24),(383,'2024-11-12 08:30:00.000000','2024-11-12 18:30:00.000000','2024-12-25 10:34:38.000000',1,0,23),(384,'2024-11-12 08:30:00.000000','2024-11-12 18:30:00.000000','2024-12-25 10:34:38.000000',1,0,22),(385,'2024-11-12 08:30:00.000000','2024-11-12 18:30:00.000000','2024-12-25 10:34:38.000000',1,0,21),(386,'2024-11-12 08:30:00.000000','2024-11-12 18:30:00.000000','2024-12-25 10:34:38.000000',1,0,20),(387,'2024-11-12 08:30:00.000000','2024-11-12 18:30:00.000000','2024-12-25 10:34:38.000000',1,0,19),(388,'2024-11-12 08:30:00.000000','2024-11-12 18:30:00.000000','2024-12-25 10:34:38.000000',1,0,18),(389,'2024-11-12 08:30:00.000000','2024-11-12 18:30:00.000000','2024-12-25 10:34:38.000000',1,0,17),(390,'2024-11-12 08:30:00.000000','2024-11-12 18:30:00.000000','2024-12-25 10:34:38.000000',1,0,16),(391,'2024-11-12 08:30:00.000000','2024-11-12 18:30:00.000000','2024-12-25 10:34:38.000000',1,0,15),(392,'2024-11-12 08:30:00.000000','2024-11-12 18:30:00.000000','2024-12-25 10:34:38.000000',1,0,14),(393,'2024-11-12 08:30:00.000000','2024-11-12 18:30:00.000000','2024-12-25 10:34:38.000000',1,0,13),(394,'2024-11-12 08:30:00.000000','2024-11-12 18:30:00.000000','2024-12-25 10:34:38.000000',1,0,12),(395,'2024-11-12 08:30:00.000000','2024-11-12 18:30:00.000000','2024-12-25 10:34:38.000000',1,0,11),(396,'2024-11-12 08:30:00.000000','2024-11-12 18:30:00.000000','2024-12-25 10:34:38.000000',1,0,10),(397,'2024-11-12 08:30:00.000000','2024-11-12 18:30:00.000000','2024-12-25 10:34:38.000000',1,0,9),(398,'2024-11-12 08:30:00.000000','2024-11-12 18:30:00.000000','2024-12-25 10:34:38.000000',1,0,8),(399,'2024-11-12 08:30:00.000000','2024-11-12 18:30:00.000000','2024-12-25 10:34:38.000000',1,0,7),(400,'2024-11-13 08:30:00.000000','2024-11-13 18:30:00.000000','2024-12-25 10:34:38.000000',1,0,34),(401,'2024-11-13 08:30:00.000000','2024-11-13 18:30:00.000000','2024-12-25 10:34:38.000000',1,0,33),(402,'2024-11-13 08:30:00.000000','2024-11-13 18:30:00.000000','2024-12-25 10:34:38.000000',1,0,32),(403,'2024-11-13 08:30:00.000000','2024-11-13 18:30:00.000000','2024-12-25 10:34:38.000000',1,0,31),(404,'2024-11-13 08:30:00.000000','2024-11-13 18:30:00.000000','2024-12-25 10:34:38.000000',1,0,30),(405,'2024-11-13 08:30:00.000000','2024-11-13 18:30:00.000000','2024-12-25 10:34:38.000000',1,0,29),(406,'2024-11-13 08:30:00.000000','2024-11-13 18:30:00.000000','2024-12-25 10:34:38.000000',1,0,28),(407,'2024-11-13 08:30:00.000000','2024-11-13 18:30:00.000000','2024-12-25 10:34:38.000000',1,0,27),(408,'2024-11-13 08:30:00.000000','2024-11-13 18:30:00.000000','2024-12-25 10:34:38.000000',1,0,26),(409,'2024-11-13 08:30:00.000000','2024-11-13 18:30:00.000000','2024-12-25 10:34:38.000000',1,0,25),(410,'2024-11-13 08:30:00.000000','2024-11-13 18:30:00.000000','2024-12-25 10:34:38.000000',1,0,24),(411,'2024-11-13 08:30:00.000000','2024-11-13 18:30:00.000000','2024-12-25 10:34:38.000000',1,0,23),(412,'2024-11-13 08:30:00.000000','2024-11-13 18:30:00.000000','2024-12-25 10:34:38.000000',1,0,22),(413,'2024-11-13 08:30:00.000000','2024-11-13 18:30:00.000000','2024-12-25 10:34:38.000000',1,0,21),(414,'2024-11-13 08:30:00.000000','2024-11-13 18:30:00.000000','2024-12-25 10:34:38.000000',1,0,20),(415,'2024-11-13 08:30:00.000000','2024-11-13 18:30:00.000000','2024-12-25 10:34:38.000000',1,0,19),(416,'2024-11-13 08:30:00.000000','2024-11-13 18:30:00.000000','2024-12-25 10:34:38.000000',1,0,18),(417,'2024-11-13 08:30:00.000000','2024-11-13 18:30:00.000000','2024-12-25 10:34:38.000000',1,0,17),(418,'2024-11-13 08:30:00.000000','2024-11-13 18:30:00.000000','2024-12-25 10:34:38.000000',1,0,16),(419,'2024-11-13 08:30:00.000000','2024-11-13 18:30:00.000000','2024-12-25 10:34:38.000000',1,0,15),(420,'2024-11-13 08:30:00.000000','2024-11-13 18:30:00.000000','2024-12-25 10:34:38.000000',1,0,14),(421,'2024-11-13 08:30:00.000000','2024-11-13 18:30:00.000000','2024-12-25 10:34:38.000000',1,0,13),(422,'2024-11-13 08:30:00.000000','2024-11-13 18:30:00.000000','2024-12-25 10:34:38.000000',1,0,12),(423,'2024-11-13 08:30:00.000000','2024-11-13 18:30:00.000000','2024-12-25 10:34:38.000000',1,0,11),(424,'2024-11-13 08:30:00.000000','2024-11-13 18:30:00.000000','2024-12-25 10:34:38.000000',1,0,10),(425,'2024-11-13 08:30:00.000000','2024-11-13 18:30:00.000000','2024-12-25 10:34:38.000000',1,0,9),(426,'2024-11-13 08:30:00.000000','2024-11-13 18:30:00.000000','2024-12-25 10:34:38.000000',1,0,8),(427,'2024-11-13 08:30:00.000000','2024-11-13 18:30:00.000000','2024-12-25 10:34:38.000000',1,0,7),(428,'2024-11-14 08:30:00.000000','2024-11-14 18:30:00.000000','2024-12-25 10:34:38.000000',1,0,34),(429,'2024-11-14 08:30:00.000000','2024-11-14 18:30:00.000000','2024-12-25 10:34:38.000000',1,0,33),(430,'2024-11-14 08:30:00.000000','2024-11-14 18:30:00.000000','2024-12-25 10:34:38.000000',1,0,32),(431,'2024-11-14 08:30:00.000000','2024-11-14 18:30:00.000000','2024-12-25 10:34:38.000000',1,0,31),(432,'2024-11-14 08:30:00.000000','2024-11-14 18:30:00.000000','2024-12-25 10:34:38.000000',1,0,30),(433,'2024-11-14 08:30:00.000000','2024-11-14 18:30:00.000000','2024-12-25 10:34:38.000000',1,0,29),(434,'2024-11-14 08:30:00.000000','2024-11-14 18:30:00.000000','2024-12-25 10:34:38.000000',1,0,28),(435,'2024-11-14 08:30:00.000000','2024-11-14 18:30:00.000000','2024-12-25 10:34:38.000000',1,0,27),(436,'2024-11-14 08:30:00.000000','2024-11-14 18:30:00.000000','2024-12-25 10:34:38.000000',1,0,26),(437,'2024-11-14 08:30:00.000000','2024-11-14 18:30:00.000000','2024-12-25 10:34:38.000000',1,0,25),(438,'2024-11-14 08:30:00.000000','2024-11-14 18:30:00.000000','2024-12-25 10:34:38.000000',1,0,24),(439,'2024-11-14 08:30:00.000000','2024-11-14 18:30:00.000000','2024-12-25 10:34:38.000000',1,0,23),(440,'2024-11-14 08:30:00.000000','2024-11-14 18:30:00.000000','2024-12-25 10:34:38.000000',1,0,22),(441,'2024-11-14 08:30:00.000000','2024-11-14 18:30:00.000000','2024-12-25 10:34:38.000000',1,0,21),(442,'2024-11-14 08:30:00.000000','2024-11-14 18:30:00.000000','2024-12-25 10:34:38.000000',1,0,20),(443,'2024-11-14 08:30:00.000000','2024-11-14 18:30:00.000000','2024-12-25 10:34:38.000000',1,0,19),(444,'2024-11-14 08:30:00.000000','2024-11-14 18:30:00.000000','2024-12-25 10:34:38.000000',1,0,18),(445,'2024-11-14 08:30:00.000000','2024-11-14 18:30:00.000000','2024-12-25 10:34:38.000000',1,0,17),(446,'2024-11-14 08:30:00.000000','2024-11-14 18:30:00.000000','2024-12-25 10:34:38.000000',1,0,16),(447,'2024-11-14 08:30:00.000000','2024-11-14 18:30:00.000000','2024-12-25 10:34:38.000000',1,0,15),(448,'2024-11-14 08:30:00.000000','2024-11-14 18:30:00.000000','2024-12-25 10:34:38.000000',1,0,14),(449,'2024-11-14 08:30:00.000000','2024-11-14 18:30:00.000000','2024-12-25 10:34:38.000000',1,0,13),(450,'2024-11-14 08:30:00.000000','2024-11-14 18:30:00.000000','2024-12-25 10:34:38.000000',1,0,12),(451,'2024-11-14 08:30:00.000000','2024-11-14 18:30:00.000000','2024-12-25 10:34:38.000000',1,0,11),(452,'2024-11-14 08:30:00.000000','2024-11-14 18:30:00.000000','2024-12-25 10:34:38.000000',1,0,10),(453,'2024-11-14 08:30:00.000000','2024-11-14 18:30:00.000000','2024-12-25 10:34:38.000000',1,0,9),(454,'2024-11-14 08:30:00.000000','2024-11-14 18:30:00.000000','2024-12-25 10:34:38.000000',1,0,8),(455,'2024-11-14 08:30:00.000000','2024-11-14 18:30:00.000000','2024-12-25 10:34:38.000000',1,0,7),(456,'2024-11-15 08:30:00.000000','2024-11-15 18:30:00.000000','2024-12-25 10:34:38.000000',1,0,34),(457,'2024-11-15 08:30:00.000000','2024-11-15 18:30:00.000000','2024-12-25 10:34:38.000000',1,0,33),(458,'2024-11-15 08:30:00.000000','2024-11-15 18:30:00.000000','2024-12-25 10:34:38.000000',1,0,32),(459,'2024-11-15 08:30:00.000000','2024-11-15 18:30:00.000000','2024-12-25 10:34:38.000000',1,0,31),(460,'2024-11-15 08:30:00.000000','2024-11-15 18:30:00.000000','2024-12-25 10:34:38.000000',1,0,30),(461,'2024-11-15 08:30:00.000000','2024-11-15 18:30:00.000000','2024-12-25 10:34:38.000000',1,0,29),(462,'2024-11-15 08:30:00.000000','2024-11-15 18:30:00.000000','2024-12-25 10:34:38.000000',1,0,28),(463,'2024-11-15 08:30:00.000000','2024-11-15 18:30:00.000000','2024-12-25 10:34:38.000000',1,0,27),(464,'2024-11-15 08:30:00.000000','2024-11-15 18:30:00.000000','2024-12-25 10:34:38.000000',1,0,26),(465,'2024-11-15 08:30:00.000000','2024-11-15 18:30:00.000000','2024-12-25 10:34:38.000000',1,0,25),(466,'2024-11-15 08:30:00.000000','2024-11-15 18:30:00.000000','2024-12-25 10:34:38.000000',1,0,24),(467,'2024-11-15 08:30:00.000000','2024-11-15 18:30:00.000000','2024-12-25 10:34:38.000000',1,0,23),(468,'2024-11-15 08:30:00.000000','2024-11-15 18:30:00.000000','2024-12-25 10:34:38.000000',1,0,22),(469,'2024-11-15 08:30:00.000000','2024-11-15 18:30:00.000000','2024-12-25 10:34:38.000000',1,0,21),(470,'2024-11-15 08:30:00.000000','2024-11-15 18:30:00.000000','2024-12-25 10:34:38.000000',1,0,20),(471,'2024-11-15 08:30:00.000000','2024-11-15 18:30:00.000000','2024-12-25 10:34:38.000000',1,0,19),(472,'2024-11-15 08:30:00.000000','2024-11-15 18:30:00.000000','2024-12-25 10:34:38.000000',1,0,18),(473,'2024-11-15 08:30:00.000000','2024-11-15 18:30:00.000000','2024-12-25 10:34:38.000000',1,0,17),(474,'2024-11-15 08:30:00.000000','2024-11-15 18:30:00.000000','2024-12-25 10:34:38.000000',1,0,16),(475,'2024-11-15 08:30:00.000000','2024-11-15 18:30:00.000000','2024-12-25 10:34:38.000000',1,0,15),(476,'2024-11-15 08:30:00.000000','2024-11-15 18:30:00.000000','2024-12-25 10:34:38.000000',1,0,14),(477,'2024-11-15 08:30:00.000000','2024-11-15 18:30:00.000000','2024-12-25 10:34:38.000000',1,0,13),(478,'2024-11-15 08:30:00.000000','2024-11-15 18:30:00.000000','2024-12-25 10:34:38.000000',1,0,12),(479,'2024-11-15 08:30:00.000000','2024-11-15 18:30:00.000000','2024-12-25 10:34:38.000000',1,0,11),(480,'2024-11-15 08:30:00.000000','2024-11-15 18:30:00.000000','2024-12-25 10:34:38.000000',1,0,10),(481,'2024-11-15 08:30:00.000000','2024-11-15 18:30:00.000000','2024-12-25 10:34:38.000000',1,0,9),(482,'2024-11-15 08:30:00.000000','2024-11-15 18:30:00.000000','2024-12-25 10:34:38.000000',1,0,8),(483,'2024-11-15 08:30:00.000000','2024-11-15 18:30:00.000000','2024-12-25 10:34:38.000000',1,0,7),(484,'2024-11-16 08:30:00.000000','2024-11-16 18:30:00.000000','2024-12-25 10:34:38.000000',1,0,34),(485,'2024-11-16 08:30:00.000000','2024-11-16 18:30:00.000000','2024-12-25 10:34:38.000000',1,0,33),(486,'2024-11-16 08:30:00.000000','2024-11-16 18:30:00.000000','2024-12-25 10:34:38.000000',1,0,32),(487,'2024-11-16 08:30:00.000000','2024-11-16 18:30:00.000000','2024-12-25 10:34:38.000000',1,0,31),(488,'2024-11-16 08:30:00.000000','2024-11-16 18:30:00.000000','2024-12-25 10:34:38.000000',1,0,30),(489,'2024-11-16 08:30:00.000000','2024-11-16 18:30:00.000000','2024-12-25 10:34:38.000000',1,0,29),(490,'2024-11-16 08:30:00.000000','2024-11-16 18:30:00.000000','2024-12-25 10:34:38.000000',1,0,28),(491,'2024-11-16 08:30:00.000000','2024-11-16 18:30:00.000000','2024-12-25 10:34:38.000000',1,0,27),(492,'2024-11-16 08:30:00.000000','2024-11-16 18:30:00.000000','2024-12-25 10:34:38.000000',1,0,26),(493,'2024-11-16 08:30:00.000000','2024-11-16 18:30:00.000000','2024-12-25 10:34:38.000000',1,0,25),(494,'2024-11-16 08:30:00.000000','2024-11-16 18:30:00.000000','2024-12-25 10:34:38.000000',1,0,24),(495,'2024-11-16 08:30:00.000000','2024-11-16 18:30:00.000000','2024-12-25 10:34:38.000000',1,0,23),(496,'2024-11-16 08:30:00.000000','2024-11-16 18:30:00.000000','2024-12-25 10:34:38.000000',1,0,22),(497,'2024-11-16 08:30:00.000000','2024-11-16 18:30:00.000000','2024-12-25 10:34:38.000000',1,0,21),(498,'2024-11-16 08:30:00.000000','2024-11-16 18:30:00.000000','2024-12-25 10:34:38.000000',1,0,20),(499,'2024-11-16 08:30:00.000000','2024-11-16 18:30:00.000000','2024-12-25 10:34:38.000000',1,0,19),(500,'2024-11-16 08:30:00.000000','2024-11-16 18:30:00.000000','2024-12-25 10:34:38.000000',1,0,18),(501,'2024-11-16 08:30:00.000000','2024-11-16 18:30:00.000000','2024-12-25 10:34:38.000000',1,0,17),(502,'2024-11-16 08:30:00.000000','2024-11-16 18:30:00.000000','2024-12-25 10:34:38.000000',1,0,16),(503,'2024-11-16 08:30:00.000000','2024-11-16 18:30:00.000000','2024-12-25 10:34:38.000000',1,0,15),(504,'2024-11-16 08:30:00.000000','2024-11-16 18:30:00.000000','2024-12-25 10:34:38.000000',1,0,14),(505,'2024-11-16 08:30:00.000000','2024-11-16 18:30:00.000000','2024-12-25 10:34:38.000000',1,0,13),(506,'2024-11-16 08:30:00.000000','2024-11-16 18:30:00.000000','2024-12-25 10:34:38.000000',1,0,12),(507,'2024-11-16 08:30:00.000000','2024-11-16 18:30:00.000000','2024-12-25 10:34:38.000000',1,0,11),(508,'2024-11-16 08:30:00.000000','2024-11-16 18:30:00.000000','2024-12-25 10:34:38.000000',1,0,10),(509,'2024-11-16 08:30:00.000000','2024-11-16 18:30:00.000000','2024-12-25 10:34:38.000000',1,0,9),(510,'2024-11-16 08:30:00.000000','2024-11-16 18:30:00.000000','2024-12-25 10:34:38.000000',1,0,8),(511,'2024-11-16 08:30:00.000000','2024-11-16 18:30:00.000000','2024-12-25 10:34:38.000000',1,0,7),(512,'2024-11-17 08:30:00.000000','2024-11-17 18:30:00.000000','2024-12-25 10:34:38.000000',1,0,34),(513,'2024-11-17 08:30:00.000000','2024-11-17 18:30:00.000000','2024-12-25 10:34:38.000000',1,0,33),(514,'2024-11-17 08:30:00.000000','2024-11-17 18:30:00.000000','2024-12-25 10:34:38.000000',1,0,32),(515,'2024-11-17 08:30:00.000000','2024-11-17 18:30:00.000000','2024-12-25 10:34:38.000000',1,0,31),(516,'2024-11-17 08:30:00.000000','2024-11-17 18:30:00.000000','2024-12-25 10:34:38.000000',1,0,30),(517,'2024-11-17 08:30:00.000000','2024-11-17 18:30:00.000000','2024-12-25 10:34:38.000000',1,0,29),(518,'2024-11-17 08:30:00.000000','2024-11-17 18:30:00.000000','2024-12-25 10:34:38.000000',1,0,28),(519,'2024-11-17 08:30:00.000000','2024-11-17 18:30:00.000000','2024-12-25 10:34:38.000000',1,0,27),(520,'2024-11-17 08:30:00.000000','2024-11-17 18:30:00.000000','2024-12-25 10:34:38.000000',1,0,26),(521,'2024-11-17 08:30:00.000000','2024-11-17 18:30:00.000000','2024-12-25 10:34:38.000000',1,0,25),(522,'2024-11-17 08:30:00.000000','2024-11-17 18:30:00.000000','2024-12-25 10:34:38.000000',1,0,24),(523,'2024-11-17 08:30:00.000000','2024-11-17 18:30:00.000000','2024-12-25 10:34:38.000000',1,0,23),(524,'2024-11-17 08:30:00.000000','2024-11-17 18:30:00.000000','2024-12-25 10:34:38.000000',1,0,22),(525,'2024-11-17 08:30:00.000000','2024-11-17 18:30:00.000000','2024-12-25 10:34:38.000000',1,0,21),(526,'2024-11-17 08:30:00.000000','2024-11-17 18:30:00.000000','2024-12-25 10:34:38.000000',1,0,20),(527,'2024-11-17 08:30:00.000000','2024-11-17 18:30:00.000000','2024-12-25 10:34:38.000000',1,0,19),(528,'2024-11-17 08:30:00.000000','2024-11-17 18:30:00.000000','2024-12-25 10:34:38.000000',1,0,18),(529,'2024-11-17 08:30:00.000000','2024-11-17 18:30:00.000000','2024-12-25 10:34:38.000000',1,0,17),(530,'2024-11-17 08:30:00.000000','2024-11-17 18:30:00.000000','2024-12-25 10:34:38.000000',1,0,16),(531,'2024-11-17 08:30:00.000000','2024-11-17 18:30:00.000000','2024-12-25 10:34:38.000000',1,0,15),(532,'2024-11-17 08:30:00.000000','2024-11-17 18:30:00.000000','2024-12-25 10:34:38.000000',1,0,14),(533,'2024-11-17 08:30:00.000000','2024-11-17 18:30:00.000000','2024-12-25 10:34:38.000000',1,0,13),(534,'2024-11-17 08:30:00.000000','2024-11-17 18:30:00.000000','2024-12-25 10:34:38.000000',1,0,12),(535,'2024-11-17 08:30:00.000000','2024-11-17 18:30:00.000000','2024-12-25 10:34:38.000000',1,0,11),(536,'2024-11-17 08:30:00.000000','2024-11-17 18:30:00.000000','2024-12-25 10:34:38.000000',1,0,10),(537,'2024-11-17 08:30:00.000000','2024-11-17 18:30:00.000000','2024-12-25 10:34:38.000000',1,0,9),(538,'2024-11-17 08:30:00.000000','2024-11-17 18:30:00.000000','2024-12-25 10:34:38.000000',1,0,8),(539,'2024-11-17 08:30:00.000000','2024-11-17 18:30:00.000000','2024-12-25 10:34:38.000000',1,0,7),(540,'2024-11-18 08:30:00.000000','2024-11-18 18:30:00.000000','2024-12-25 10:34:38.000000',1,0,34),(541,'2024-11-18 08:30:00.000000','2024-11-18 18:30:00.000000','2024-12-25 10:34:38.000000',1,0,33),(542,'2024-11-18 08:30:00.000000','2024-11-18 18:30:00.000000','2024-12-25 10:34:38.000000',1,0,32),(543,'2024-11-18 08:30:00.000000','2024-11-18 18:30:00.000000','2024-12-25 10:34:38.000000',1,0,31),(544,'2024-11-18 08:30:00.000000','2024-11-18 18:30:00.000000','2024-12-25 10:34:38.000000',1,0,30),(545,'2024-11-18 08:30:00.000000','2024-11-18 18:30:00.000000','2024-12-25 10:34:38.000000',1,0,29),(546,'2024-11-18 08:30:00.000000','2024-11-18 18:30:00.000000','2024-12-25 10:34:38.000000',1,0,28),(547,'2024-11-18 08:30:00.000000','2024-11-18 18:30:00.000000','2024-12-25 10:34:38.000000',1,0,27),(548,'2024-11-18 08:30:00.000000','2024-11-18 18:30:00.000000','2024-12-25 10:34:38.000000',1,0,26),(549,'2024-11-18 08:30:00.000000','2024-11-18 18:30:00.000000','2024-12-25 10:34:38.000000',1,0,25),(550,'2024-11-18 08:30:00.000000','2024-11-18 18:30:00.000000','2024-12-25 10:34:38.000000',1,0,24),(551,'2024-11-18 08:30:00.000000','2024-11-18 18:30:00.000000','2024-12-25 10:34:38.000000',1,0,23),(552,'2024-11-18 08:30:00.000000','2024-11-18 18:30:00.000000','2024-12-25 10:34:38.000000',1,0,22),(553,'2024-11-18 08:30:00.000000','2024-11-18 18:30:00.000000','2024-12-25 10:34:38.000000',1,0,21),(554,'2024-11-18 08:30:00.000000','2024-11-18 18:30:00.000000','2024-12-25 10:34:38.000000',1,0,20),(555,'2024-11-18 08:30:00.000000','2024-11-18 18:30:00.000000','2024-12-25 10:34:38.000000',1,0,19),(556,'2024-11-18 08:30:00.000000','2024-11-18 18:30:00.000000','2024-12-25 10:34:38.000000',1,0,18),(557,'2024-11-18 08:30:00.000000','2024-11-18 18:30:00.000000','2024-12-25 10:34:38.000000',1,0,17),(558,'2024-11-18 08:30:00.000000','2024-11-18 18:30:00.000000','2024-12-25 10:34:38.000000',1,0,16),(559,'2024-11-18 08:30:00.000000','2024-11-18 18:30:00.000000','2024-12-25 10:34:38.000000',1,0,15),(560,'2024-11-18 08:30:00.000000','2024-11-18 18:30:00.000000','2024-12-25 10:34:38.000000',1,0,14),(561,'2024-11-18 08:30:00.000000','2024-11-18 18:30:00.000000','2024-12-25 10:34:38.000000',1,0,13),(562,'2024-11-18 08:30:00.000000','2024-11-18 18:30:00.000000','2024-12-25 10:34:38.000000',1,0,12),(563,'2024-11-18 08:30:00.000000','2024-11-18 18:30:00.000000','2024-12-25 10:34:38.000000',1,0,11),(564,'2024-11-18 08:30:00.000000','2024-11-18 18:30:00.000000','2024-12-25 10:34:38.000000',1,0,10),(565,'2024-11-18 08:30:00.000000','2024-11-18 18:30:00.000000','2024-12-25 10:34:38.000000',1,0,9),(566,'2024-11-18 08:30:00.000000','2024-11-18 18:30:00.000000','2024-12-25 10:34:38.000000',1,0,8),(567,'2024-11-18 08:30:00.000000','2024-11-18 18:30:00.000000','2024-12-25 10:34:38.000000',1,0,7),(568,'2024-11-19 08:30:00.000000','2024-11-19 18:30:00.000000','2024-12-25 10:34:38.000000',1,0,34),(569,'2024-11-19 08:30:00.000000','2024-11-19 18:30:00.000000','2024-12-25 10:34:38.000000',1,0,33),(570,'2024-11-19 08:30:00.000000','2024-11-19 18:30:00.000000','2024-12-25 10:34:38.000000',1,0,32),(571,'2024-11-19 08:30:00.000000','2024-11-19 18:30:00.000000','2024-12-25 10:34:38.000000',1,0,31),(572,'2024-11-19 08:30:00.000000','2024-11-19 18:30:00.000000','2024-12-25 10:34:38.000000',1,0,30),(573,'2024-11-19 08:30:00.000000','2024-11-19 18:30:00.000000','2024-12-25 10:34:38.000000',1,0,29),(574,'2024-11-19 08:30:00.000000','2024-11-19 18:30:00.000000','2024-12-25 10:34:38.000000',1,0,28),(575,'2024-11-19 08:30:00.000000','2024-11-19 18:30:00.000000','2024-12-25 10:34:38.000000',1,0,27),(576,'2024-11-19 08:30:00.000000','2024-11-19 18:30:00.000000','2024-12-25 10:34:38.000000',1,0,26),(577,'2024-11-19 08:30:00.000000','2024-11-19 18:30:00.000000','2024-12-25 10:34:38.000000',1,0,25),(578,'2024-11-19 08:30:00.000000','2024-11-19 18:30:00.000000','2024-12-25 10:34:38.000000',1,0,24),(579,'2024-11-19 08:30:00.000000','2024-11-19 18:30:00.000000','2024-12-25 10:34:38.000000',1,0,23),(580,'2024-11-19 08:30:00.000000','2024-11-19 18:30:00.000000','2024-12-25 10:34:38.000000',1,0,22),(581,'2024-11-19 08:30:00.000000','2024-11-19 18:30:00.000000','2024-12-25 10:34:38.000000',1,0,21),(582,'2024-11-19 08:30:00.000000','2024-11-19 18:30:00.000000','2024-12-25 10:34:38.000000',1,0,20),(583,'2024-11-19 08:30:00.000000','2024-11-19 18:30:00.000000','2024-12-25 10:34:38.000000',1,0,19),(584,'2024-11-19 08:30:00.000000','2024-11-19 18:30:00.000000','2024-12-25 10:34:38.000000',1,0,18),(585,'2024-11-19 08:30:00.000000','2024-11-19 18:30:00.000000','2024-12-25 10:34:38.000000',1,0,17),(586,'2024-11-19 08:30:00.000000','2024-11-19 18:30:00.000000','2024-12-25 10:34:38.000000',1,0,16),(587,'2024-11-19 08:30:00.000000','2024-11-19 18:30:00.000000','2024-12-25 10:34:38.000000',1,0,15),(588,'2024-11-19 08:30:00.000000','2024-11-19 18:30:00.000000','2024-12-25 10:34:38.000000',1,0,14),(589,'2024-11-19 08:30:00.000000','2024-11-19 18:30:00.000000','2024-12-25 10:34:38.000000',1,0,13),(590,'2024-11-19 08:30:00.000000','2024-11-19 18:30:00.000000','2024-12-25 10:34:38.000000',1,0,12),(591,'2024-11-19 08:30:00.000000','2024-11-19 18:30:00.000000','2024-12-25 10:34:38.000000',1,0,11),(592,'2024-11-19 08:30:00.000000','2024-11-19 18:30:00.000000','2024-12-25 10:34:38.000000',1,0,10),(593,'2024-11-19 08:30:00.000000','2024-11-19 18:30:00.000000','2024-12-25 10:34:38.000000',1,0,9),(594,'2024-11-19 08:30:00.000000','2024-11-19 18:30:00.000000','2024-12-25 10:34:38.000000',1,0,8),(595,'2024-11-19 08:30:00.000000','2024-11-19 18:30:00.000000','2024-12-25 10:34:38.000000',1,0,7),(596,'2024-11-20 08:30:00.000000','2024-11-20 18:30:00.000000','2024-12-25 10:34:38.000000',1,0,34),(597,'2024-11-20 08:30:00.000000','2024-11-20 18:30:00.000000','2024-12-25 10:34:38.000000',1,0,33),(598,'2024-11-20 08:30:00.000000','2024-11-20 18:30:00.000000','2024-12-25 10:34:38.000000',1,0,32),(599,'2024-11-20 08:30:00.000000','2024-11-20 18:30:00.000000','2024-12-25 10:34:38.000000',1,0,31),(600,'2024-11-20 08:30:00.000000','2024-11-20 18:30:00.000000','2024-12-25 10:34:38.000000',1,0,30),(601,'2024-11-20 08:30:00.000000','2024-11-20 18:30:00.000000','2024-12-25 10:34:38.000000',1,0,29),(602,'2024-11-20 08:30:00.000000','2024-11-20 18:30:00.000000','2024-12-25 10:34:38.000000',1,0,28),(603,'2024-11-20 08:30:00.000000','2024-11-20 18:30:00.000000','2024-12-25 10:34:38.000000',1,0,27),(604,'2024-11-20 08:30:00.000000','2024-11-20 18:30:00.000000','2024-12-25 10:34:38.000000',1,0,26),(605,'2024-11-20 08:30:00.000000','2024-11-20 18:30:00.000000','2024-12-25 10:34:38.000000',1,0,25),(606,'2024-11-20 08:30:00.000000','2024-11-20 18:30:00.000000','2024-12-25 10:34:38.000000',1,0,24),(607,'2024-11-20 08:30:00.000000','2024-11-20 18:30:00.000000','2024-12-25 10:34:38.000000',1,0,23),(608,'2024-11-20 08:30:00.000000','2024-11-20 18:30:00.000000','2024-12-25 10:34:38.000000',1,0,22),(609,'2024-11-20 08:30:00.000000','2024-11-20 18:30:00.000000','2024-12-25 10:34:38.000000',1,0,21),(610,'2024-11-20 08:30:00.000000','2024-11-20 18:30:00.000000','2024-12-25 10:34:38.000000',1,0,20),(611,'2024-11-20 08:30:00.000000','2024-11-20 18:30:00.000000','2024-12-25 10:34:38.000000',1,0,19),(612,'2024-11-20 08:30:00.000000','2024-11-20 18:30:00.000000','2024-12-25 10:34:38.000000',1,0,18),(613,'2024-11-20 08:30:00.000000','2024-11-20 18:30:00.000000','2024-12-25 10:34:38.000000',1,0,17),(614,'2024-11-20 08:30:00.000000','2024-11-20 18:30:00.000000','2024-12-25 10:34:38.000000',1,0,16),(615,'2024-11-20 08:30:00.000000','2024-11-20 18:30:00.000000','2024-12-25 10:34:38.000000',1,0,15),(616,'2024-11-20 08:30:00.000000','2024-11-20 18:30:00.000000','2024-12-25 10:34:38.000000',1,0,14),(617,'2024-11-20 08:30:00.000000','2024-11-20 18:30:00.000000','2024-12-25 10:34:38.000000',1,0,13),(618,'2024-11-20 08:30:00.000000','2024-11-20 18:30:00.000000','2024-12-25 10:34:38.000000',1,0,12),(619,'2024-11-20 08:30:00.000000','2024-11-20 18:30:00.000000','2024-12-25 10:34:38.000000',1,0,11),(620,'2024-11-20 08:30:00.000000','2024-11-20 18:30:00.000000','2024-12-25 10:34:38.000000',1,0,10),(621,'2024-11-20 08:30:00.000000','2024-11-20 18:30:00.000000','2024-12-25 10:34:38.000000',1,0,9),(622,'2024-11-20 08:30:00.000000','2024-11-20 18:30:00.000000','2024-12-25 10:34:38.000000',1,0,8),(623,'2024-11-20 08:30:00.000000','2024-11-20 18:30:00.000000','2024-12-25 10:34:38.000000',1,0,7),(624,'2024-11-21 08:30:00.000000','2024-11-21 18:30:00.000000','2024-12-25 10:34:38.000000',1,0,34),(625,'2024-11-21 08:30:00.000000','2024-11-21 18:30:00.000000','2024-12-25 10:34:38.000000',1,0,33),(626,'2024-11-21 08:30:00.000000','2024-11-21 18:30:00.000000','2024-12-25 10:34:38.000000',1,0,32),(627,'2024-11-21 08:30:00.000000','2024-11-21 18:30:00.000000','2024-12-25 10:34:38.000000',1,0,31),(628,'2024-11-21 08:30:00.000000','2024-11-21 18:30:00.000000','2024-12-25 10:34:38.000000',1,0,30),(629,'2024-11-21 08:30:00.000000','2024-11-21 18:30:00.000000','2024-12-25 10:34:38.000000',1,0,29),(630,'2024-11-21 08:30:00.000000','2024-11-21 18:30:00.000000','2024-12-25 10:34:38.000000',1,0,28),(631,'2024-11-21 08:30:00.000000','2024-11-21 18:30:00.000000','2024-12-25 10:34:38.000000',1,0,27),(632,'2024-11-21 08:30:00.000000','2024-11-21 18:30:00.000000','2024-12-25 10:34:38.000000',1,0,26),(633,'2024-11-21 08:30:00.000000','2024-11-21 18:30:00.000000','2024-12-25 10:34:38.000000',1,0,25),(634,'2024-11-21 08:30:00.000000','2024-11-21 18:30:00.000000','2024-12-25 10:34:38.000000',1,0,24),(635,'2024-11-21 08:30:00.000000','2024-11-21 18:30:00.000000','2024-12-25 10:34:38.000000',1,0,23),(636,'2024-11-21 08:30:00.000000','2024-11-21 18:30:00.000000','2024-12-25 10:34:38.000000',1,0,22),(637,'2024-11-21 08:30:00.000000','2024-11-21 18:30:00.000000','2024-12-25 10:34:38.000000',1,0,21),(638,'2024-11-21 08:30:00.000000','2024-11-21 18:30:00.000000','2024-12-25 10:34:38.000000',1,0,20),(639,'2024-11-21 08:30:00.000000','2024-11-21 18:30:00.000000','2024-12-25 10:34:38.000000',1,0,19),(640,'2024-11-21 08:30:00.000000','2024-11-21 18:30:00.000000','2024-12-25 10:34:38.000000',1,0,18),(641,'2024-11-21 08:30:00.000000','2024-11-21 18:30:00.000000','2024-12-25 10:34:38.000000',1,0,17),(642,'2024-11-21 08:30:00.000000','2024-11-21 18:30:00.000000','2024-12-25 10:34:38.000000',1,0,16),(643,'2024-11-21 08:30:00.000000','2024-11-21 18:30:00.000000','2024-12-25 10:34:38.000000',1,0,15),(644,'2024-11-21 08:30:00.000000','2024-11-21 18:30:00.000000','2024-12-25 10:34:38.000000',1,0,14),(645,'2024-11-21 08:30:00.000000','2024-11-21 18:30:00.000000','2024-12-25 10:34:38.000000',1,0,13),(646,'2024-11-21 08:30:00.000000','2024-11-21 18:30:00.000000','2024-12-25 10:34:38.000000',1,0,12),(647,'2024-11-21 08:30:00.000000','2024-11-21 18:30:00.000000','2024-12-25 10:34:38.000000',1,0,11),(648,'2024-11-21 08:30:00.000000','2024-11-21 18:30:00.000000','2024-12-25 10:34:38.000000',1,0,10),(649,'2024-11-21 08:30:00.000000','2024-11-21 18:30:00.000000','2024-12-25 10:34:38.000000',1,0,9),(650,'2024-11-21 08:30:00.000000','2024-11-21 18:30:00.000000','2024-12-25 10:34:38.000000',1,0,8),(651,'2024-11-21 08:30:00.000000','2024-11-21 18:30:00.000000','2024-12-25 10:34:38.000000',1,0,7),(652,'2024-11-22 08:30:00.000000','2024-11-22 18:30:00.000000','2024-12-25 10:34:38.000000',1,0,34),(653,'2024-11-22 08:30:00.000000','2024-11-22 18:30:00.000000','2024-12-25 10:34:38.000000',1,0,33),(654,'2024-11-22 08:30:00.000000','2024-11-22 18:30:00.000000','2024-12-25 10:34:38.000000',1,0,32),(655,'2024-11-22 08:30:00.000000','2024-11-22 18:30:00.000000','2024-12-25 10:34:38.000000',1,0,31),(656,'2024-11-22 08:30:00.000000','2024-11-22 18:30:00.000000','2024-12-25 10:34:38.000000',1,0,30),(657,'2024-11-22 08:30:00.000000','2024-11-22 18:30:00.000000','2024-12-25 10:34:38.000000',1,0,29),(658,'2024-11-22 08:30:00.000000','2024-11-22 18:30:00.000000','2024-12-25 10:34:38.000000',1,0,28),(659,'2024-11-22 08:30:00.000000','2024-11-22 18:30:00.000000','2024-12-25 10:34:38.000000',1,0,27),(660,'2024-11-22 08:30:00.000000','2024-11-22 18:30:00.000000','2024-12-25 10:34:38.000000',1,0,26),(661,'2024-11-22 08:30:00.000000','2024-11-22 18:30:00.000000','2024-12-25 10:34:38.000000',1,0,25),(662,'2024-11-22 08:30:00.000000','2024-11-22 18:30:00.000000','2024-12-25 10:34:38.000000',1,0,24),(663,'2024-11-22 08:30:00.000000','2024-11-22 18:30:00.000000','2024-12-25 10:34:38.000000',1,0,23),(664,'2024-11-22 08:30:00.000000','2024-11-22 18:30:00.000000','2024-12-25 10:34:38.000000',1,0,22),(665,'2024-11-22 08:30:00.000000','2024-11-22 18:30:00.000000','2024-12-25 10:34:38.000000',1,0,21),(666,'2024-11-22 08:30:00.000000','2024-11-22 18:30:00.000000','2024-12-25 10:34:38.000000',1,0,20),(667,'2024-11-22 08:30:00.000000','2024-11-22 18:30:00.000000','2024-12-25 10:34:38.000000',1,0,19),(668,'2024-11-22 08:30:00.000000','2024-11-22 18:30:00.000000','2024-12-25 10:34:38.000000',1,0,18),(669,'2024-11-22 08:30:00.000000','2024-11-22 18:30:00.000000','2024-12-25 10:34:38.000000',1,0,17),(670,'2024-11-22 08:30:00.000000','2024-11-22 18:30:00.000000','2024-12-25 10:34:38.000000',1,0,16),(671,'2024-11-22 08:30:00.000000','2024-11-22 18:30:00.000000','2024-12-25 10:34:38.000000',1,0,15),(672,'2024-11-22 08:30:00.000000','2024-11-22 18:30:00.000000','2024-12-25 10:34:38.000000',1,0,14),(673,'2024-11-22 08:30:00.000000','2024-11-22 18:30:00.000000','2024-12-25 10:34:38.000000',1,0,13),(674,'2024-11-22 08:30:00.000000','2024-11-22 18:30:00.000000','2024-12-25 10:34:38.000000',1,0,12),(675,'2024-11-22 08:30:00.000000','2024-11-22 18:30:00.000000','2024-12-25 10:34:38.000000',1,0,11),(676,'2024-11-22 08:30:00.000000','2024-11-22 18:30:00.000000','2024-12-25 10:34:38.000000',1,0,10),(677,'2024-11-22 08:30:00.000000','2024-11-22 18:30:00.000000','2024-12-25 10:34:38.000000',1,0,9),(678,'2024-11-22 08:30:00.000000','2024-11-22 18:30:00.000000','2024-12-25 10:34:38.000000',1,0,8),(679,'2024-11-22 08:30:00.000000','2024-11-22 18:30:00.000000','2024-12-25 10:34:38.000000',1,0,7),(680,'2024-11-23 08:30:00.000000','2024-11-23 18:30:00.000000','2024-12-25 10:34:38.000000',1,0,34),(681,'2024-11-23 08:30:00.000000','2024-11-23 18:30:00.000000','2024-12-25 10:34:38.000000',1,0,33),(682,'2024-11-23 08:30:00.000000','2024-11-23 18:30:00.000000','2024-12-25 10:34:38.000000',1,0,32),(683,'2024-11-23 08:30:00.000000','2024-11-23 18:30:00.000000','2024-12-25 10:34:38.000000',1,0,31),(684,'2024-11-23 08:30:00.000000','2024-11-23 18:30:00.000000','2024-12-25 10:34:38.000000',1,0,30),(685,'2024-11-23 08:30:00.000000','2024-11-23 18:30:00.000000','2024-12-25 10:34:38.000000',1,0,29),(686,'2024-11-23 08:30:00.000000','2024-11-23 18:30:00.000000','2024-12-25 10:34:38.000000',1,0,28),(687,'2024-11-23 08:30:00.000000','2024-11-23 18:30:00.000000','2024-12-25 10:34:38.000000',1,0,27),(688,'2024-11-23 08:30:00.000000','2024-11-23 18:30:00.000000','2024-12-25 10:34:38.000000',1,0,26),(689,'2024-11-23 08:30:00.000000','2024-11-23 18:30:00.000000','2024-12-25 10:34:38.000000',1,0,25),(690,'2024-11-23 08:30:00.000000','2024-11-23 18:30:00.000000','2024-12-25 10:34:38.000000',1,0,24),(691,'2024-11-23 08:30:00.000000','2024-11-23 18:30:00.000000','2024-12-25 10:34:38.000000',1,0,23),(692,'2024-11-23 08:30:00.000000','2024-11-23 18:30:00.000000','2024-12-25 10:34:38.000000',1,0,22),(693,'2024-11-23 08:30:00.000000','2024-11-23 18:30:00.000000','2024-12-25 10:34:38.000000',1,0,21),(694,'2024-11-23 08:30:00.000000','2024-11-23 18:30:00.000000','2024-12-25 10:34:38.000000',1,0,20),(695,'2024-11-23 08:30:00.000000','2024-11-23 18:30:00.000000','2024-12-25 10:34:38.000000',1,0,19),(696,'2024-11-23 08:30:00.000000','2024-11-23 18:30:00.000000','2024-12-25 10:34:38.000000',1,0,18),(697,'2024-11-23 08:30:00.000000','2024-11-23 18:30:00.000000','2024-12-25 10:34:38.000000',1,0,17),(698,'2024-11-23 08:30:00.000000','2024-11-23 18:30:00.000000','2024-12-25 10:34:38.000000',1,0,16),(699,'2024-11-23 08:30:00.000000','2024-11-23 18:30:00.000000','2024-12-25 10:34:38.000000',1,0,15),(700,'2024-11-23 08:30:00.000000','2024-11-23 18:30:00.000000','2024-12-25 10:34:38.000000',1,0,14),(701,'2024-11-23 08:30:00.000000','2024-11-23 18:30:00.000000','2024-12-25 10:34:38.000000',1,0,13),(702,'2024-11-23 08:30:00.000000','2024-11-23 18:30:00.000000','2024-12-25 10:34:38.000000',1,0,12),(703,'2024-11-23 08:30:00.000000','2024-11-23 18:30:00.000000','2024-12-25 10:34:38.000000',1,0,11),(704,'2024-11-23 08:30:00.000000','2024-11-23 18:30:00.000000','2024-12-25 10:34:38.000000',1,0,10),(705,'2024-11-23 08:30:00.000000','2024-11-23 18:30:00.000000','2024-12-25 10:34:38.000000',1,0,9),(706,'2024-11-23 08:30:00.000000','2024-11-23 18:30:00.000000','2024-12-25 10:34:38.000000',1,0,8),(707,'2024-11-23 08:30:00.000000','2024-11-23 18:30:00.000000','2024-12-25 10:34:38.000000',1,0,7),(708,'2024-11-24 08:30:00.000000','2024-11-24 18:30:00.000000','2024-12-25 10:34:38.000000',1,0,34),(709,'2024-11-24 08:30:00.000000','2024-11-24 18:30:00.000000','2024-12-25 10:34:38.000000',1,0,33),(710,'2024-11-24 08:30:00.000000','2024-11-24 18:30:00.000000','2024-12-25 10:34:38.000000',1,0,32),(711,'2024-11-24 08:30:00.000000','2024-11-24 18:30:00.000000','2024-12-25 10:34:38.000000',1,0,31),(712,'2024-11-24 08:30:00.000000','2024-11-24 18:30:00.000000','2024-12-25 10:34:38.000000',1,0,30),(713,'2024-11-24 08:30:00.000000','2024-11-24 18:30:00.000000','2024-12-25 10:34:38.000000',1,0,29),(714,'2024-11-24 08:30:00.000000','2024-11-24 18:30:00.000000','2024-12-25 10:34:38.000000',1,0,28),(715,'2024-11-24 08:30:00.000000','2024-11-24 18:30:00.000000','2024-12-25 10:34:38.000000',1,0,27),(716,'2024-11-24 08:30:00.000000','2024-11-24 18:30:00.000000','2024-12-25 10:34:38.000000',1,0,26),(717,'2024-11-24 08:30:00.000000','2024-11-24 18:30:00.000000','2024-12-25 10:34:38.000000',1,0,25),(718,'2024-11-24 08:30:00.000000','2024-11-24 18:30:00.000000','2024-12-25 10:34:38.000000',1,0,24),(719,'2024-11-24 08:30:00.000000','2024-11-24 18:30:00.000000','2024-12-25 10:34:38.000000',1,0,23),(720,'2024-11-24 08:30:00.000000','2024-11-24 18:30:00.000000','2024-12-25 10:34:38.000000',1,0,22),(721,'2024-11-24 08:30:00.000000','2024-11-24 18:30:00.000000','2024-12-25 10:34:38.000000',1,0,21),(722,'2024-11-24 08:30:00.000000','2024-11-24 18:30:00.000000','2024-12-25 10:34:38.000000',1,0,20),(723,'2024-11-24 08:30:00.000000','2024-11-24 18:30:00.000000','2024-12-25 10:34:38.000000',1,0,19),(724,'2024-11-24 08:30:00.000000','2024-11-24 18:30:00.000000','2024-12-25 10:34:38.000000',1,0,18),(725,'2024-11-24 08:30:00.000000','2024-11-24 18:30:00.000000','2024-12-25 10:34:38.000000',1,0,17),(726,'2024-11-24 08:30:00.000000','2024-11-24 18:30:00.000000','2024-12-25 10:34:38.000000',1,0,16),(727,'2024-11-24 08:30:00.000000','2024-11-24 18:30:00.000000','2024-12-25 10:34:38.000000',1,0,15),(728,'2024-11-24 08:30:00.000000','2024-11-24 18:30:00.000000','2024-12-25 10:34:38.000000',1,0,14),(729,'2024-11-24 08:30:00.000000','2024-11-24 18:30:00.000000','2024-12-25 10:34:38.000000',1,0,13),(730,'2024-11-24 08:30:00.000000','2024-11-24 18:30:00.000000','2024-12-25 10:34:38.000000',1,0,12),(731,'2024-11-24 08:30:00.000000','2024-11-24 18:30:00.000000','2024-12-25 10:34:38.000000',1,0,11),(732,'2024-11-24 08:30:00.000000','2024-11-24 18:30:00.000000','2024-12-25 10:34:38.000000',1,0,10),(733,'2024-11-24 08:30:00.000000','2024-11-24 18:30:00.000000','2024-12-25 10:34:38.000000',1,0,9),(734,'2024-11-24 08:30:00.000000','2024-11-24 18:30:00.000000','2024-12-25 10:34:38.000000',1,0,8),(735,'2024-11-24 08:30:00.000000','2024-11-24 18:30:00.000000','2024-12-25 10:34:38.000000',1,0,7),(736,'2024-11-25 08:30:00.000000','2024-11-25 18:30:00.000000','2024-12-25 10:34:38.000000',1,0,34),(737,'2024-11-25 08:30:00.000000','2024-11-25 18:30:00.000000','2024-12-25 10:34:38.000000',1,0,33),(738,'2024-11-25 08:30:00.000000','2024-11-25 18:30:00.000000','2024-12-25 10:34:38.000000',1,0,32),(739,'2024-11-25 08:30:00.000000','2024-11-25 18:30:00.000000','2024-12-25 10:34:38.000000',1,0,31),(740,'2024-11-25 08:30:00.000000','2024-11-25 18:30:00.000000','2024-12-25 10:34:38.000000',1,0,30),(741,'2024-11-25 08:30:00.000000','2024-11-25 18:30:00.000000','2024-12-25 10:34:38.000000',1,0,29),(742,'2024-11-25 08:30:00.000000','2024-11-25 18:30:00.000000','2024-12-25 10:34:38.000000',1,0,28),(743,'2024-11-25 08:30:00.000000','2024-11-25 18:30:00.000000','2024-12-25 10:34:38.000000',1,0,27),(744,'2024-11-25 08:30:00.000000','2024-11-25 18:30:00.000000','2024-12-25 10:34:38.000000',1,0,26),(745,'2024-11-25 08:30:00.000000','2024-11-25 18:30:00.000000','2024-12-25 10:34:38.000000',1,0,25),(746,'2024-11-25 08:30:00.000000','2024-11-25 18:30:00.000000','2024-12-25 10:34:38.000000',1,0,24),(747,'2024-11-25 08:30:00.000000','2024-11-25 18:30:00.000000','2024-12-25 10:34:38.000000',1,0,23),(748,'2024-11-25 08:30:00.000000','2024-11-25 18:30:00.000000','2024-12-25 10:34:38.000000',1,0,22),(749,'2024-11-25 08:30:00.000000','2024-11-25 18:30:00.000000','2024-12-25 10:34:38.000000',1,0,21),(750,'2024-11-25 08:30:00.000000','2024-11-25 18:30:00.000000','2024-12-25 10:34:38.000000',1,0,20),(751,'2024-11-25 08:30:00.000000','2024-11-25 18:30:00.000000','2024-12-25 10:34:38.000000',1,0,19),(752,'2024-11-25 08:30:00.000000','2024-11-25 18:30:00.000000','2024-12-25 10:34:38.000000',1,0,18),(753,'2024-11-25 08:30:00.000000','2024-11-25 18:30:00.000000','2024-12-25 10:34:38.000000',1,0,17),(754,'2024-11-25 08:30:00.000000','2024-11-25 18:30:00.000000','2024-12-25 10:34:38.000000',1,0,16),(755,'2024-11-25 08:30:00.000000','2024-11-25 18:30:00.000000','2024-12-25 10:34:38.000000',1,0,15),(756,'2024-11-25 08:30:00.000000','2024-11-25 18:30:00.000000','2024-12-25 10:34:38.000000',1,0,14),(757,'2024-11-25 08:30:00.000000','2024-11-25 18:30:00.000000','2024-12-25 10:34:38.000000',1,0,13),(758,'2024-11-25 08:30:00.000000','2024-11-25 18:30:00.000000','2024-12-25 10:34:38.000000',1,0,12),(759,'2024-11-25 08:30:00.000000','2024-11-25 18:30:00.000000','2024-12-25 10:34:38.000000',1,0,11),(760,'2024-11-25 08:30:00.000000','2024-11-25 18:30:00.000000','2024-12-25 10:34:38.000000',1,0,10),(761,'2024-11-25 08:30:00.000000','2024-11-25 18:30:00.000000','2024-12-25 10:34:38.000000',1,0,9),(762,'2024-11-25 08:30:00.000000','2024-11-25 18:30:00.000000','2024-12-25 10:34:38.000000',1,0,8),(763,'2024-11-25 08:30:00.000000','2024-11-25 18:30:00.000000','2024-12-25 10:34:38.000000',1,0,7),(764,'2024-11-26 08:30:00.000000','2024-11-26 18:30:00.000000','2024-12-25 10:34:38.000000',1,0,34),(765,'2024-11-26 08:30:00.000000','2024-11-26 18:30:00.000000','2024-12-25 10:34:38.000000',1,0,33),(766,'2024-11-26 08:30:00.000000','2024-11-26 18:30:00.000000','2024-12-25 10:34:38.000000',1,0,32),(767,'2024-11-26 08:30:00.000000','2024-11-26 18:30:00.000000','2024-12-25 10:34:38.000000',1,0,31),(768,'2024-11-26 08:30:00.000000','2024-11-26 18:30:00.000000','2024-12-25 10:34:38.000000',1,0,30),(769,'2024-11-26 08:30:00.000000','2024-11-26 18:30:00.000000','2024-12-25 10:34:38.000000',1,0,29),(770,'2024-11-26 08:30:00.000000','2024-11-26 18:30:00.000000','2024-12-25 10:34:38.000000',1,0,28),(771,'2024-11-26 08:30:00.000000','2024-11-26 18:30:00.000000','2024-12-25 10:34:38.000000',1,0,27),(772,'2024-11-26 08:30:00.000000','2024-11-26 18:30:00.000000','2024-12-25 10:34:38.000000',1,0,26),(773,'2024-11-26 08:30:00.000000','2024-11-26 18:30:00.000000','2024-12-25 10:34:38.000000',1,0,25),(774,'2024-11-26 08:30:00.000000','2024-11-26 18:30:00.000000','2024-12-25 10:34:38.000000',1,0,24),(775,'2024-11-26 08:30:00.000000','2024-11-26 18:30:00.000000','2024-12-25 10:34:38.000000',1,0,23),(776,'2024-11-26 08:30:00.000000','2024-11-26 18:30:00.000000','2024-12-25 10:34:38.000000',1,0,22),(777,'2024-11-26 08:30:00.000000','2024-11-26 18:30:00.000000','2024-12-25 10:34:38.000000',1,0,21),(778,'2024-11-26 08:30:00.000000','2024-11-26 18:30:00.000000','2024-12-25 10:34:38.000000',1,0,20),(779,'2024-11-26 08:30:00.000000','2024-11-26 18:30:00.000000','2024-12-25 10:34:38.000000',1,0,19),(780,'2024-11-26 08:30:00.000000','2024-11-26 18:30:00.000000','2024-12-25 10:34:38.000000',1,0,18),(781,'2024-11-26 08:30:00.000000','2024-11-26 18:30:00.000000','2024-12-25 10:34:38.000000',1,0,17),(782,'2024-11-26 08:30:00.000000','2024-11-26 18:30:00.000000','2024-12-25 10:34:38.000000',1,0,16),(783,'2024-11-26 08:30:00.000000','2024-11-26 18:30:00.000000','2024-12-25 10:34:38.000000',1,0,15),(784,'2024-11-26 08:30:00.000000','2024-11-26 18:30:00.000000','2024-12-25 10:34:38.000000',1,0,14),(785,'2024-11-26 08:30:00.000000','2024-11-26 18:30:00.000000','2024-12-25 10:34:38.000000',1,0,13),(786,'2024-11-26 08:30:00.000000','2024-11-26 18:30:00.000000','2024-12-25 10:34:38.000000',1,0,12),(787,'2024-11-26 08:30:00.000000','2024-11-26 18:30:00.000000','2024-12-25 10:34:38.000000',1,0,11),(788,'2024-11-26 08:30:00.000000','2024-11-26 18:30:00.000000','2024-12-25 10:34:38.000000',1,0,10),(789,'2024-11-26 08:30:00.000000','2024-11-26 18:30:00.000000','2024-12-25 10:34:38.000000',1,0,9),(790,'2024-11-26 08:30:00.000000','2024-11-26 18:30:00.000000','2024-12-25 10:34:38.000000',1,0,8),(791,'2024-11-26 08:30:00.000000','2024-11-26 18:30:00.000000','2024-12-25 10:34:38.000000',1,0,7),(792,'2024-11-27 08:30:00.000000','2024-11-27 18:30:00.000000','2024-12-25 10:34:38.000000',1,0,34),(793,'2024-11-27 08:30:00.000000','2024-11-27 18:30:00.000000','2024-12-25 10:34:38.000000',1,0,33),(794,'2024-11-27 08:30:00.000000','2024-11-27 18:30:00.000000','2024-12-25 10:34:38.000000',1,0,32),(795,'2024-11-27 08:30:00.000000','2024-11-27 18:30:00.000000','2024-12-25 10:34:38.000000',1,0,31),(796,'2024-11-27 08:30:00.000000','2024-11-27 18:30:00.000000','2024-12-25 10:34:38.000000',1,0,30),(797,'2024-11-27 08:30:00.000000','2024-11-27 18:30:00.000000','2024-12-25 10:34:38.000000',1,0,29),(798,'2024-11-27 08:30:00.000000','2024-11-27 18:30:00.000000','2024-12-25 10:34:38.000000',1,0,28),(799,'2024-11-27 08:30:00.000000','2024-11-27 18:30:00.000000','2024-12-25 10:34:38.000000',1,0,27),(800,'2024-11-27 08:30:00.000000','2024-11-27 18:30:00.000000','2024-12-25 10:34:38.000000',1,0,26),(801,'2024-11-27 08:30:00.000000','2024-11-27 18:30:00.000000','2024-12-25 10:34:38.000000',1,0,25),(802,'2024-11-27 08:30:00.000000','2024-11-27 18:30:00.000000','2024-12-25 10:34:38.000000',1,0,24),(803,'2024-11-27 08:30:00.000000','2024-11-27 18:30:00.000000','2024-12-25 10:34:38.000000',1,0,23),(804,'2024-11-27 08:30:00.000000','2024-11-27 18:30:00.000000','2024-12-25 10:34:38.000000',1,0,22),(805,'2024-11-27 08:30:00.000000','2024-11-27 18:30:00.000000','2024-12-25 10:34:38.000000',1,0,21),(806,'2024-11-27 08:30:00.000000','2024-11-27 18:30:00.000000','2024-12-25 10:34:38.000000',1,0,20),(807,'2024-11-27 08:30:00.000000','2024-11-27 18:30:00.000000','2024-12-25 10:34:38.000000',1,0,19),(808,'2024-11-27 08:30:00.000000','2024-11-27 18:30:00.000000','2024-12-25 10:34:38.000000',1,0,18),(809,'2024-11-27 08:30:00.000000','2024-11-27 18:30:00.000000','2024-12-25 10:34:38.000000',1,0,17),(810,'2024-11-27 08:30:00.000000','2024-11-27 18:30:00.000000','2024-12-25 10:34:38.000000',1,0,16),(811,'2024-11-27 08:30:00.000000','2024-11-27 18:30:00.000000','2024-12-25 10:34:38.000000',1,0,15),(812,'2024-11-27 08:30:00.000000','2024-11-27 18:30:00.000000','2024-12-25 10:34:38.000000',1,0,14),(813,'2024-11-27 08:30:00.000000','2024-11-27 18:30:00.000000','2024-12-25 10:34:38.000000',1,0,13),(814,'2024-11-27 08:30:00.000000','2024-11-27 18:30:00.000000','2024-12-25 10:34:38.000000',1,0,12),(815,'2024-11-27 08:30:00.000000','2024-11-27 18:30:00.000000','2024-12-25 10:34:38.000000',1,0,11),(816,'2024-11-27 08:30:00.000000','2024-11-27 18:30:00.000000','2024-12-25 10:34:38.000000',1,0,10),(817,'2024-11-27 08:30:00.000000','2024-11-27 18:30:00.000000','2024-12-25 10:34:38.000000',1,0,9),(818,'2024-11-27 08:30:00.000000','2024-11-27 18:30:00.000000','2024-12-25 10:34:38.000000',1,0,8),(819,'2024-11-27 08:30:00.000000','2024-11-27 18:30:00.000000','2024-12-25 10:34:38.000000',1,0,7),(820,'2024-11-28 08:30:00.000000','2024-11-28 18:30:00.000000','2024-12-25 10:34:38.000000',1,0,34),(821,'2024-11-28 08:30:00.000000','2024-11-28 18:30:00.000000','2024-12-25 10:34:38.000000',1,0,33),(822,'2024-11-28 08:30:00.000000','2024-11-28 18:30:00.000000','2024-12-25 10:34:38.000000',1,0,32),(823,'2024-11-28 08:30:00.000000','2024-11-28 18:30:00.000000','2024-12-25 10:34:38.000000',1,0,31),(824,'2024-11-28 08:30:00.000000','2024-11-28 18:30:00.000000','2024-12-25 10:34:38.000000',1,0,30),(825,'2024-11-28 08:30:00.000000','2024-11-28 18:30:00.000000','2024-12-25 10:34:38.000000',1,0,29),(826,'2024-11-28 08:30:00.000000','2024-11-28 18:30:00.000000','2024-12-25 10:34:38.000000',1,0,28),(827,'2024-11-28 08:30:00.000000','2024-11-28 18:30:00.000000','2024-12-25 10:34:38.000000',1,0,27),(828,'2024-11-28 08:30:00.000000','2024-11-28 18:30:00.000000','2024-12-25 10:34:38.000000',1,0,26),(829,'2024-11-28 08:30:00.000000','2024-11-28 18:30:00.000000','2024-12-25 10:34:38.000000',1,0,25),(830,'2024-11-28 08:30:00.000000','2024-11-28 18:30:00.000000','2024-12-25 10:34:38.000000',1,0,24),(831,'2024-11-28 08:30:00.000000','2024-11-28 18:30:00.000000','2024-12-25 10:34:38.000000',1,0,23),(832,'2024-11-28 08:30:00.000000','2024-11-28 18:30:00.000000','2024-12-25 10:34:38.000000',1,0,22),(833,'2024-11-28 08:30:00.000000','2024-11-28 18:30:00.000000','2024-12-25 10:34:38.000000',1,0,21),(834,'2024-11-28 08:30:00.000000','2024-11-28 18:30:00.000000','2024-12-25 10:34:38.000000',1,0,20),(835,'2024-11-28 08:30:00.000000','2024-11-28 18:30:00.000000','2024-12-25 10:34:38.000000',1,0,19),(836,'2024-11-28 08:30:00.000000','2024-11-28 18:30:00.000000','2024-12-25 10:34:38.000000',1,0,18),(837,'2024-11-28 08:30:00.000000','2024-11-28 18:30:00.000000','2024-12-25 10:34:38.000000',1,0,17),(838,'2024-11-28 08:30:00.000000','2024-11-28 18:30:00.000000','2024-12-25 10:34:38.000000',1,0,16),(839,'2024-11-28 08:30:00.000000','2024-11-28 18:30:00.000000','2024-12-25 10:34:38.000000',1,0,15),(840,'2024-11-28 08:30:00.000000','2024-11-28 18:30:00.000000','2024-12-25 10:34:38.000000',1,0,14),(841,'2024-11-28 08:30:00.000000','2024-11-28 18:30:00.000000','2024-12-25 10:34:38.000000',1,0,13),(842,'2024-11-28 08:30:00.000000','2024-11-28 18:30:00.000000','2024-12-25 10:34:38.000000',1,0,12),(843,'2024-11-28 08:30:00.000000','2024-11-28 18:30:00.000000','2024-12-25 10:34:38.000000',1,0,11),(844,'2024-11-28 08:30:00.000000','2024-11-28 18:30:00.000000','2024-12-25 10:34:38.000000',1,0,10),(845,'2024-11-28 08:30:00.000000','2024-11-28 18:30:00.000000','2024-12-25 10:34:38.000000',1,0,9),(846,'2024-11-28 08:30:00.000000','2024-11-28 18:30:00.000000','2024-12-25 10:34:38.000000',1,0,8),(847,'2024-11-28 08:30:00.000000','2024-11-28 18:30:00.000000','2024-12-25 10:34:38.000000',1,0,7),(848,'2024-11-29 08:30:00.000000','2024-11-29 18:30:00.000000','2024-12-25 10:34:38.000000',1,0,34),(849,'2024-11-29 08:30:00.000000','2024-11-29 18:30:00.000000','2024-12-25 10:34:38.000000',1,0,33),(850,'2024-11-29 08:30:00.000000','2024-11-29 18:30:00.000000','2024-12-25 10:34:38.000000',1,0,32),(851,'2024-11-29 08:30:00.000000','2024-11-29 18:30:00.000000','2024-12-25 10:34:38.000000',1,0,31),(852,'2024-11-29 08:30:00.000000','2024-11-29 18:30:00.000000','2024-12-25 10:34:38.000000',1,0,30),(853,'2024-11-29 08:30:00.000000','2024-11-29 18:30:00.000000','2024-12-25 10:34:38.000000',1,0,29),(854,'2024-11-29 08:30:00.000000','2024-11-29 18:30:00.000000','2024-12-25 10:34:38.000000',1,0,28),(855,'2024-11-29 08:30:00.000000','2024-11-29 18:30:00.000000','2024-12-25 10:34:38.000000',1,0,27),(856,'2024-11-29 08:30:00.000000','2024-11-29 18:30:00.000000','2024-12-25 10:34:38.000000',1,0,26),(857,'2024-11-29 08:30:00.000000','2024-11-29 18:30:00.000000','2024-12-25 10:34:38.000000',1,0,25),(858,'2024-11-29 08:30:00.000000','2024-11-29 18:30:00.000000','2024-12-25 10:34:38.000000',1,0,24),(859,'2024-11-29 08:30:00.000000','2024-11-29 18:30:00.000000','2024-12-25 10:34:38.000000',1,0,23),(860,'2024-11-29 08:30:00.000000','2024-11-29 18:30:00.000000','2024-12-25 10:34:38.000000',1,0,22),(861,'2024-11-29 08:30:00.000000','2024-11-29 18:30:00.000000','2024-12-25 10:34:38.000000',1,0,21),(862,'2024-11-29 08:30:00.000000','2024-11-29 18:30:00.000000','2024-12-25 10:34:38.000000',1,0,20),(863,'2024-11-29 08:30:00.000000','2024-11-29 18:30:00.000000','2024-12-25 10:34:38.000000',1,0,19),(864,'2024-11-29 08:30:00.000000','2024-11-29 18:30:00.000000','2024-12-25 10:34:38.000000',1,0,18),(865,'2024-11-29 08:30:00.000000','2024-11-29 18:30:00.000000','2024-12-25 10:34:38.000000',1,0,17),(866,'2024-11-29 08:30:00.000000','2024-11-29 18:30:00.000000','2024-12-25 10:34:38.000000',1,0,16),(867,'2024-11-29 08:30:00.000000','2024-11-29 18:30:00.000000','2024-12-25 10:34:38.000000',1,0,15),(868,'2024-11-29 08:30:00.000000','2024-11-29 18:30:00.000000','2024-12-25 10:34:38.000000',1,0,14),(869,'2024-11-29 08:30:00.000000','2024-11-29 18:30:00.000000','2024-12-25 10:34:38.000000',1,0,13),(870,'2024-11-29 08:30:00.000000','2024-11-29 18:30:00.000000','2024-12-25 10:34:38.000000',1,0,12),(871,'2024-11-29 08:30:00.000000','2024-11-29 18:30:00.000000','2024-12-25 10:34:38.000000',1,0,11),(872,'2024-11-29 08:30:00.000000','2024-11-29 18:30:00.000000','2024-12-25 10:34:38.000000',1,0,10),(873,'2024-11-29 08:30:00.000000','2024-11-29 18:30:00.000000','2024-12-25 10:34:38.000000',1,0,9),(874,'2024-11-29 08:30:00.000000','2024-11-29 18:30:00.000000','2024-12-25 10:34:38.000000',1,0,8),(875,'2024-11-29 08:30:00.000000','2024-11-29 18:30:00.000000','2024-12-25 10:34:38.000000',1,0,7),(876,'2024-11-30 08:30:00.000000','2024-11-30 18:30:00.000000','2024-12-25 10:34:38.000000',1,0,34),(877,'2024-11-30 08:30:00.000000','2024-11-30 18:30:00.000000','2024-12-25 10:34:38.000000',1,0,33),(878,'2024-11-30 08:30:00.000000','2024-11-30 18:30:00.000000','2024-12-25 10:34:38.000000',1,0,32),(879,'2024-11-30 08:30:00.000000','2024-11-30 18:30:00.000000','2024-12-25 10:34:38.000000',1,0,31),(880,'2024-11-30 08:30:00.000000','2024-11-30 18:30:00.000000','2024-12-25 10:34:38.000000',1,0,30),(881,'2024-11-30 08:30:00.000000','2024-11-30 18:30:00.000000','2024-12-25 10:34:38.000000',1,0,29),(882,'2024-11-30 08:30:00.000000','2024-11-30 18:30:00.000000','2024-12-25 10:34:38.000000',1,0,28),(883,'2024-11-30 08:30:00.000000','2024-11-30 18:30:00.000000','2024-12-25 10:34:38.000000',1,0,27),(884,'2024-11-30 08:30:00.000000','2024-11-30 18:30:00.000000','2024-12-25 10:34:38.000000',1,0,26),(885,'2024-11-30 08:30:00.000000','2024-11-30 18:30:00.000000','2024-12-25 10:34:38.000000',1,0,25),(886,'2024-11-30 08:30:00.000000','2024-11-30 18:30:00.000000','2024-12-25 10:34:38.000000',1,0,24),(887,'2024-11-30 08:30:00.000000','2024-11-30 18:30:00.000000','2024-12-25 10:34:38.000000',1,0,23),(888,'2024-11-30 08:30:00.000000','2024-11-30 18:30:00.000000','2024-12-25 10:34:38.000000',1,0,22),(889,'2024-11-30 08:30:00.000000','2024-11-30 18:30:00.000000','2024-12-25 10:34:38.000000',1,0,21),(890,'2024-11-30 08:30:00.000000','2024-11-30 18:30:00.000000','2024-12-25 10:34:38.000000',1,0,20),(891,'2024-11-30 08:30:00.000000','2024-11-30 18:30:00.000000','2024-12-25 10:34:38.000000',1,0,19),(892,'2024-11-30 08:30:00.000000','2024-11-30 18:30:00.000000','2024-12-25 10:34:38.000000',1,0,18),(893,'2024-11-30 08:30:00.000000','2024-11-30 18:30:00.000000','2024-12-25 10:34:38.000000',1,0,17),(894,'2024-11-30 08:30:00.000000','2024-11-30 18:30:00.000000','2024-12-25 10:34:38.000000',1,0,16),(895,'2024-11-30 08:30:00.000000','2024-11-30 18:30:00.000000','2024-12-25 10:34:38.000000',1,0,15),(896,'2024-11-30 08:30:00.000000','2024-11-30 18:30:00.000000','2024-12-25 10:34:38.000000',1,0,14),(897,'2024-11-30 08:30:00.000000','2024-11-30 18:30:00.000000','2024-12-25 10:34:38.000000',1,0,13),(898,'2024-11-30 08:30:00.000000','2024-11-30 18:30:00.000000','2024-12-25 10:34:38.000000',1,0,12),(899,'2024-11-30 08:30:00.000000','2024-11-30 18:30:00.000000','2024-12-25 10:34:38.000000',1,0,11),(900,'2024-11-30 08:30:00.000000','2024-11-30 18:30:00.000000','2024-12-25 10:34:38.000000',1,0,10),(901,'2024-11-30 08:30:00.000000','2024-11-30 18:30:00.000000','2024-12-25 10:34:38.000000',1,0,9),(902,'2024-11-30 08:30:00.000000','2024-11-30 18:30:00.000000','2024-12-25 10:34:38.000000',1,0,8),(903,'2024-11-30 08:30:00.000000','2024-11-30 18:30:00.000000','2024-12-25 10:34:38.000000',1,0,7);
/*!40000 ALTER TABLE `attendances` ENABLE KEYS */;
UNLOCK TABLES;

--
-- Table structure for table `comments`
--

DROP TABLE IF EXISTS `comments`;
/*!40101 SET @saved_cs_client     = @@character_set_client */;
/*!50503 SET character_set_client = utf8mb4 */;
CREATE TABLE `comments` (
  `Id` int NOT NULL AUTO_INCREMENT,
  `Content` longtext CHARACTER SET utf8mb4 COLLATE utf8mb4_0900_ai_ci NOT NULL,
  `CreatedAt` datetime(6) NOT NULL,
  `Status` int NOT NULL,
  `PostId` int NOT NULL,
  `AccountId` int NOT NULL,
  `FullName` longtext CHARACTER SET utf8mb4 COLLATE utf8mb4_0900_ai_ci NOT NULL,
  `AvatarUrl` longtext CHARACTER SET utf8mb4 COLLATE utf8mb4_0900_ai_ci NOT NULL,
  PRIMARY KEY (`Id`),
  KEY `IX_Comments_AccountId` (`AccountId`),
  KEY `IX_Comments_PostId` (`PostId`),
  CONSTRAINT `FK_Comments_Accounts_AccountId` FOREIGN KEY (`AccountId`) REFERENCES `accounts` (`Id`) ON DELETE CASCADE,
  CONSTRAINT `FK_Comments_Posts_PostId` FOREIGN KEY (`PostId`) REFERENCES `posts` (`Id`) ON DELETE CASCADE
) ENGINE=InnoDB AUTO_INCREMENT=5 DEFAULT CHARSET=utf8mb4 COLLATE=utf8mb4_0900_ai_ci;
/*!40101 SET character_set_client = @saved_cs_client */;

--
-- Dumping data for table `comments`
--

LOCK TABLES `comments` WRITE;
/*!40000 ALTER TABLE `comments` DISABLE KEYS */;
/*!40000 ALTER TABLE `comments` ENABLE KEYS */;
UNLOCK TABLES;

--
-- Table structure for table `departments`
--

DROP TABLE IF EXISTS `departments`;
/*!40101 SET @saved_cs_client     = @@character_set_client */;
/*!50503 SET character_set_client = utf8mb4 */;
CREATE TABLE `departments` (
  `Id` int NOT NULL AUTO_INCREMENT,
  `Name` longtext CHARACTER SET utf8mb4 COLLATE utf8mb4_0900_ai_ci NOT NULL,
  `Description` longtext CHARACTER SET utf8mb4 COLLATE utf8mb4_0900_ai_ci NOT NULL,
  `CreatedAt` datetime(6) NOT NULL,
  `Status` int NOT NULL,
  PRIMARY KEY (`Id`)
) ENGINE=InnoDB AUTO_INCREMENT=31 DEFAULT CHARSET=utf8mb4 COLLATE=utf8mb4_0900_ai_ci;
/*!40101 SET character_set_client = @saved_cs_client */;

--
-- Dumping data for table `departments`
--

LOCK TABLES `departments` WRITE;
/*!40000 ALTER TABLE `departments` DISABLE KEYS */;
INSERT INTO `departments` VALUES (22,'HR','Phng nhn s chu trch nhim tuyn dng v qun l nhn vin','2024-12-25 08:43:04.000000',1),(23,'Engineering','Phng k thut chu trch nhim pht trin sn phm v cng ngh','2024-12-25 08:43:04.000000',1),(24,'Sales','Phng kinh doanh ph trch bn hng v chm sc khch hng','2024-12-25 08:43:04.000000',1),(25,'Marketing','Phng marketing chu trch nhim qung b v tip th sn phm','2024-12-25 08:43:04.000000',1),(26,'Finance','Phng ti chnh qun l ngn sch v chi tiu','2024-12-25 08:43:04.000000',1),(27,'IT Support','Phng h tr k thut, m bo h thng cng ty hot ng n nh','2024-12-25 08:43:04.000000',1),(28,'Development','Phng pht trin phn mm chu trch nhim xy dng v bo tr sn phm','2024-12-25 08:43:04.000000',1),(29,'R&D','Phng nghin cu v pht trin, tm kim cc gii php cng ngh mi','2024-12-25 08:43:04.000000',1),(30,'Admin','Admin','2024-12-25 08:43:04.000000',0);
/*!40000 ALTER TABLE `departments` ENABLE KEYS */;
UNLOCK TABLES;

--
-- Table structure for table `employees`
--

DROP TABLE IF EXISTS `employees`;
/*!40101 SET @saved_cs_client     = @@character_set_client */;
/*!50503 SET character_set_client = utf8mb4 */;
CREATE TABLE `employees` (
  `Id` int NOT NULL AUTO_INCREMENT,
  `FullName` longtext CHARACTER SET utf8mb4 COLLATE utf8mb4_0900_ai_ci NOT NULL,
  `Phone` longtext CHARACTER SET utf8mb4 COLLATE utf8mb4_0900_ai_ci NOT NULL,
  `Birthday` datetime(6) NOT NULL,
  `IdentificationId` longtext CHARACTER SET utf8mb4 COLLATE utf8mb4_0900_ai_ci NOT NULL,
  `Position` longtext CHARACTER SET utf8mb4 COLLATE utf8mb4_0900_ai_ci NOT NULL,
  `Address` longtext CHARACTER SET utf8mb4 COLLATE utf8mb4_0900_ai_ci NOT NULL,
  `BaseSalary` int NOT NULL,
  `Status` int NOT NULL,
  `CreatedAt` datetime(6) NOT NULL,
  `DepartmentId` int NOT NULL,
  `Gender` int NOT NULL DEFAULT '0',
  `ImageUrl` longtext CHARACTER SET utf8mb4 COLLATE utf8mb4_0900_ai_ci NOT NULL,
  PRIMARY KEY (`Id`),
  KEY `IX_Employees_DepartmentId` (`DepartmentId`),
  CONSTRAINT `FK_Employees_Departments_DepartmentId` FOREIGN KEY (`DepartmentId`) REFERENCES `departments` (`Id`) ON DELETE CASCADE
) ENGINE=InnoDB AUTO_INCREMENT=32 DEFAULT CHARSET=utf8mb4 COLLATE=utf8mb4_0900_ai_ci;
/*!40101 SET character_set_client = @saved_cs_client */;

--
-- Dumping data for table `employees`
--

LOCK TABLES `employees` WRITE;
/*!40000 ALTER TABLE `employees` DISABLE KEYS */;
INSERT INTO `employees` VALUES (1,'Nguyn Vn Hng','0988001001','1990-01-01 00:00:00.000000','123456789001','HR Manager','H Ni, Vit Nam',15000000,1,'2024-12-25 08:50:17.000000',22,1,'https://example.com/images/1.jpg'),(2,'Trn Th Lan','0988001002','1992-03-05 00:00:00.000000','123456789002','HR Executive','H Ni, Vit Nam',12000000,1,'2024-12-25 08:50:17.000000',22,0,'https://example.com/images/2.jpg'),(3,'L Quang Minh','0988001003','1993-07-09 00:00:00.000000','123456789003','Software Engineer',' Nng, Vit Nam',20000000,1,'2024-12-25 08:50:17.000000',23,1,'https://example.com/images/3.jpg'),(4,'Phm Th Hnh','0988001004','1991-11-25 00:00:00.000000','123456789004','Senior Developer',' Nng, Vit Nam',25000000,1,'2024-12-25 08:50:17.000000',23,0,'https://example.com/images/4.jpg'),(5,'Hong Vn Dng','0988001005','1988-12-15 00:00:00.000000','123456789005','Sales Manager','H Ch Minh, Vit Nam',18000000,1,'2024-12-25 08:50:17.000000',24,1,'https://example.com/images/5.jpg'),(6,'Nguyn Thu Trang','0988001006','1990-09-10 00:00:00.000000','123456789006','Sales Executive','H Ch Minh, Vit Nam',14000000,1,'2024-12-25 08:50:17.000000',24,0,'https://example.com/images/6.jpg'),(7,'Trn Quc Anh','0988001007','1994-06-20 00:00:00.000000','123456789007','Marketing Specialist','H Ni, Vit Nam',16000000,1,'2024-12-25 08:50:17.000000',25,1,'https://example.com/images/7.jpg'),(8,'L Th Mai','0988001008','1995-02-12 00:00:00.000000','123456789008','Marketing Executive','H Ni, Vit Nam',13000000,1,'2024-12-25 08:50:17.000000',25,0,'https://example.com/images/8.jpg'),(9,'Nguyn Vn Bnh','0988001009','1987-08-18 00:00:00.000000','123456789009','Finance Manager','H Ch Minh, Vit Nam',20000000,1,'2024-12-25 08:50:17.000000',26,1,'https://example.com/images/9.jpg'),(10,' Th Hng','0988001010','1990-03-14 00:00:00.000000','123456789010','Accountant','H Ch Minh, Vit Nam',14000000,1,'2024-12-25 08:50:17.000000',26,0,'https://example.com/images/10.jpg'),(11,'Nguyn Thnh Long','0988001011','1992-01-11 00:00:00.000000','123456789011','IT Support Specialist',' Nng, Vit Nam',15000000,1,'2024-12-25 08:50:17.000000',27,1,'https://example.com/images/11.jpg'),(12,'Phm Th Thu','0988001012','1993-10-22 00:00:00.000000','123456789012','IT Support',' Nng, Vit Nam',12000000,1,'2024-12-25 08:50:17.000000',27,0,'https://example.com/images/12.jpg'),(13,'Hong Vn Khi','0988001013','1991-09-15 00:00:00.000000','123456789013','Team Lead','H Ch Minh, Vit Nam',25000000,1,'2024-12-25 08:50:17.000000',28,1,'https://example.com/images/13.jpg'),(14,'Nguyn Th H','0988001014','1994-11-05 00:00:00.000000','123456789014','Developer','H Ch Minh, Vit Nam',20000000,1,'2024-12-25 08:50:17.000000',28,0,'https://example.com/images/14.jpg'),(15,'Trn Hong Nam','0988001015','1989-05-25 00:00:00.000000','123456789015','Research Specialist','H Ni, Vit Nam',23000000,1,'2024-12-25 08:50:17.000000',29,1,'https://example.com/images/15.jpg'),(16,'L Minh Hiu','0988001016','1995-07-13 00:00:00.000000','123456789016','Junior Researcher','H Ni, Vit Nam',18000000,1,'2024-12-25 08:50:17.000000',29,1,'https://example.com/images/16.jpg'),(17,'Nguyn Vn An','0988001017','1990-03-20 00:00:00.000000','123456789017','Developer','H Ch Minh, Vit Nam',19000000,1,'2024-12-25 08:50:17.000000',28,1,'https://example.com/images/17.jpg'),(18,'Trn Th Ngc','0988001018','1991-12-30 00:00:00.000000','123456789018','Marketing Assistant','H Ni, Vit Nam',13000000,1,'2024-12-25 08:50:17.000000',25,0,'https://example.com/images/18.jpg'),(19,'Phm Quc Bo','0988001019','1992-06-17 00:00:00.000000','123456789019','Finance Analyst',' Nng, Vit Nam',16000000,1,'2024-12-25 08:50:17.000000',26,1,'https://example.com/images/19.jpg'),(20,'Nguyn Th Thy','0988001020','1993-04-10 00:00:00.000000','123456789020','IT Specialist','H Ni, Vit Nam',14000000,1,'2024-12-25 08:50:17.000000',27,0,'https://example.com/images/20.jpg'),(21,'L Vn Duy','0988001021','1995-09-15 00:00:00.000000','123456789021','Software Engineer',' Nng, Vit Nam',20000000,1,'2024-12-25 08:50:17.000000',23,1,'https://example.com/images/21.jpg'),(22,'Trn Hong Yn','0988001022','1990-10-20 00:00:00.000000','123456789022','HR Assistant','H Ni, Vit Nam',13000000,1,'2024-12-25 08:50:17.000000',22,0,'https://example.com/images/22.jpg'),(23,'Nguyn Vn Thnh','0988001023','1989-11-25 00:00:00.000000','123456789023','Sales Manager','H Ch Minh, Vit Nam',19000000,1,'2024-12-25 08:50:17.000000',24,1,'https://example.com/images/23.jpg'),(24,'Nguyn Minh T','0988001024','1996-01-01 00:00:00.000000','123456789024','Marketing Manager','H Ni, Vit Nam',20000000,1,'2024-12-25 08:50:17.000000',25,0,'https://example.com/images/24.jpg'),(25,'L Ngc Hi','0988001025','1992-03-15 00:00:00.000000','123456789025','Finance Manager','H Ch Minh, Vit Nam',21000000,1,'2024-12-25 08:50:17.000000',26,1,'https://example.com/images/25.jpg'),(26,'Nguyn Th Lan','0988001026','1990-08-05 00:00:00.000000','123456789026','Developer','H Ni, Vit Nam',18000000,1,'2024-12-25 08:50:17.000000',28,0,'https://example.com/images/26.jpg'),(27,'Trn Quang Bnh','0988001027','1988-07-10 00:00:00.000000','123456789027','Research Specialist',' Nng, Vit Nam',22000000,1,'2024-12-25 08:50:17.000000',29,1,'https://example.com/images/27.jpg'),(28,'Phm Hong Anh','0988001028','1995-06-12 00:00:00.000000','123456789028','Software Engineer','H Ni, Vit Nam',20000000,1,'2024-12-25 08:50:17.000000',23,1,'https://example.com/images/28.jpg'),(29,'Nguyn Vn Ti','0988001029','1994-05-05 00:00:00.000000','123456789029','Finance Specialist','H Ch Minh, Vit Nam',16000000,1,'2024-12-25 08:50:17.000000',26,1,'https://example.com/images/29.jpg'),(30,'L Th Xun','0988001030','1992-02-02 00:00:00.000000','123456789030','HR Executive','H Ni, Vit Nam',13000000,1,'2024-12-25 08:50:17.000000',22,0,'https://example.com/images/30.jpg'),(31,'Admin','0000000000','2024-12-25 08:50:17.000000','000000000000','Admin','Vietnam',0,0,'2024-12-25 08:50:17.000000',30,1,'https://example.com/images/30.jpg');
/*!40000 ALTER TABLE `employees` ENABLE KEYS */;
UNLOCK TABLES;

--
-- Table structure for table `leaverequests`
--

DROP TABLE IF EXISTS `leaverequests`;
/*!40101 SET @saved_cs_client     = @@character_set_client */;
/*!50503 SET character_set_client = utf8mb4 */;
CREATE TABLE `leaverequests` (
  `Id` int NOT NULL AUTO_INCREMENT,
  `Date` datetime(6) NOT NULL,
  `Reason` longtext CHARACTER SET utf8mb4 COLLATE utf8mb4_0900_ai_ci NOT NULL,
  `CreatedAt` datetime(6) NOT NULL,
  `Status` int NOT NULL,
  `EmployeeId` int NOT NULL,
  PRIMARY KEY (`Id`),
  KEY `IX_LeaveRequests_EmployeeId` (`EmployeeId`),
  CONSTRAINT `FK_LeaveRequests_Employees_EmployeeId` FOREIGN KEY (`EmployeeId`) REFERENCES `employees` (`Id`) ON DELETE CASCADE
) ENGINE=InnoDB AUTO_INCREMENT=6 DEFAULT CHARSET=utf8mb4 COLLATE=utf8mb4_0900_ai_ci;
/*!40101 SET character_set_client = @saved_cs_client */;

--
-- Dumping data for table `leaverequests`
--

LOCK TABLES `leaverequests` WRITE;
/*!40000 ALTER TABLE `leaverequests` DISABLE KEYS */;
/*!40000 ALTER TABLE `leaverequests` ENABLE KEYS */;
UNLOCK TABLES;

--
-- Table structure for table `posts`
--

DROP TABLE IF EXISTS `posts`;
/*!40101 SET @saved_cs_client     = @@character_set_client */;
/*!50503 SET character_set_client = utf8mb4 */;
CREATE TABLE `posts` (
  `Id` int NOT NULL AUTO_INCREMENT,
  `Content` longtext CHARACTER SET utf8mb4 COLLATE utf8mb4_0900_ai_ci NOT NULL,
  `ImageUrl` longtext CHARACTER SET utf8mb4 COLLATE utf8mb4_0900_ai_ci,
  `CreatedAt` datetime(6) NOT NULL,
  `Status` int NOT NULL,
  `AccountId` int NOT NULL,
  `FullName` longtext CHARACTER SET utf8mb4 COLLATE utf8mb4_0900_ai_ci NOT NULL,
  `AvatarUrl` longtext CHARACTER SET utf8mb4 COLLATE utf8mb4_0900_ai_ci NOT NULL,
  PRIMARY KEY (`Id`),
  KEY `IX_Posts_AccountId` (`AccountId`),
  CONSTRAINT `FK_Posts_Accounts_AccountId` FOREIGN KEY (`AccountId`) REFERENCES `accounts` (`Id`) ON DELETE CASCADE
) ENGINE=InnoDB AUTO_INCREMENT=8 DEFAULT CHARSET=utf8mb4 COLLATE=utf8mb4_0900_ai_ci;
/*!40101 SET character_set_client = @saved_cs_client */;

--
-- Dumping data for table `posts`
--

LOCK TABLES `posts` WRITE;
/*!40000 ALTER TABLE `posts` DISABLE KEYS */;
/*!40000 ALTER TABLE `posts` ENABLE KEYS */;
UNLOCK TABLES;

--
-- Table structure for table `roles`
--

DROP TABLE IF EXISTS `roles`;
/*!40101 SET @saved_cs_client     = @@character_set_client */;
/*!50503 SET character_set_client = utf8mb4 */;
CREATE TABLE `roles` (
  `Id` int NOT NULL AUTO_INCREMENT,
  `Name` longtext CHARACTER SET utf8mb4 COLLATE utf8mb4_0900_ai_ci NOT NULL,
  `Description` longtext CHARACTER SET utf8mb4 COLLATE utf8mb4_0900_ai_ci NOT NULL,
  `CreatedAt` datetime(6) NOT NULL,
  PRIMARY KEY (`Id`)
) ENGINE=InnoDB AUTO_INCREMENT=4 DEFAULT CHARSET=utf8mb4 COLLATE=utf8mb4_0900_ai_ci;
/*!40101 SET character_set_client = @saved_cs_client */;

--
-- Dumping data for table `roles`
--

LOCK TABLES `roles` WRITE;
/*!40000 ALTER TABLE `roles` DISABLE KEYS */;
INSERT INTO `roles` VALUES (1,'Manager','Super Admin','2024-10-28 10:40:54.676878'),(2,'Admin','Super User','2024-10-28 10:41:37.946206'),(3,'User','Account for Employee','2024-10-28 10:41:54.642834');
/*!40000 ALTER TABLE `roles` ENABLE KEYS */;
UNLOCK TABLES;

--
-- Table structure for table `salaries`
--

DROP TABLE IF EXISTS `salaries`;
/*!40101 SET @saved_cs_client     = @@character_set_client */;
/*!50503 SET character_set_client = utf8mb4 */;
CREATE TABLE `salaries` (
  `Id` int NOT NULL AUTO_INCREMENT,
  `BaseSalary` int NOT NULL,
  `Bonus` int NOT NULL,
  `Deduction` int NOT NULL,
  `Total` int NOT NULL,
  `Month` int NOT NULL,
  `Year` int NOT NULL,
  `CreatedAt` datetime(6) NOT NULL,
  `Status` int NOT NULL,
  `EmployeeId` int NOT NULL,
  PRIMARY KEY (`Id`),
  KEY `IX_Salaries_EmployeeId` (`EmployeeId`),
  CONSTRAINT `FK_Salaries_Employees_EmployeeId` FOREIGN KEY (`EmployeeId`) REFERENCES `employees` (`Id`) ON DELETE CASCADE
) ENGINE=InnoDB AUTO_INCREMENT=86 DEFAULT CHARSET=utf8mb4 COLLATE=utf8mb4_0900_ai_ci;
/*!40101 SET character_set_client = @saved_cs_client */;

--
-- Dumping data for table `salaries`
--

LOCK TABLES `salaries` WRITE;
/*!40000 ALTER TABLE `salaries` DISABLE KEYS */;
/*!40000 ALTER TABLE `salaries` ENABLE KEYS */;
UNLOCK TABLES;
/*!40103 SET TIME_ZONE=@OLD_TIME_ZONE */;

/*!40101 SET SQL_MODE=@OLD_SQL_MODE */;
/*!40014 SET FOREIGN_KEY_CHECKS=@OLD_FOREIGN_KEY_CHECKS */;
/*!40014 SET UNIQUE_CHECKS=@OLD_UNIQUE_CHECKS */;
/*!40101 SET CHARACTER_SET_CLIENT=@OLD_CHARACTER_SET_CLIENT */;
/*!40101 SET CHARACTER_SET_RESULTS=@OLD_CHARACTER_SET_RESULTS */;
/*!40101 SET COLLATION_CONNECTION=@OLD_COLLATION_CONNECTION */;
/*!40111 SET SQL_NOTES=@OLD_SQL_NOTES */;

-- Dump completed on 2024-12-25 11:39:13
